timestamp,focus_value,ema,dema,dFV,smooth_ddFV,ratio,x,y,z,metric
0.0,5.30739804,5.30739804,5.30739804,0,0,1.0,0.5840107771695981,0.1843129686962443,0.27429850816598805,sobel
0.15755343437194824,4.9614995099999994,5.26416072375,5.29298560125,-0.014412438749999978,0,0.9972844624350051,0.5840087741101403,0.18430673321530242,0.274251496245452,sobel
0.3120114803314209,4.60989711,5.18237777203125,5.25611632484375,-0.03686927640625015,-0.011228418828125086,0.9930343138667252,0.5840083907011576,0.18431101381713352,0.274259426643049,sobel
0.357898473739624,4.74869375,5.128167269277344,5.213466639654948,-0.042649685188801634,-0.008504413805338285,0.9918857037110819,0.5840102790168733,0.18430445531451703,0.2742738703255785,sobel
0.42733287811279297,4.35799936,5.031896280617676,5.152943186642524,-0.0605234530124239,-0.013189090814480275,0.9883909388520745,0.5840206223760176,0.1843265895224316,0.2742838503788787,sobel
0.602386474609375,5.537499749999999,5.095096714290467,5.133661029191838,-0.019282157450685844,0.01402610237362889,0.9962580302649815,0.5840206527529851,0.1843089191395876,0.27427887449553046,sobel
0.797907829284668,5.72279936,5.173559545004158,5.146960534462612,0.013299505270773615,0.023303882547544175,1.002590647336306,0.5849930890235463,0.18484374514919263,0.27455990809751313,sobel
0.8644132614135742,4.54429919,5.094902000628639,5.129607689851287,-0.01735284461132469,-0.003674233667277066,0.996628525807584,0.585302822541369,0.18501386582852697,0.27455265849852345,sobel
1.1079387664794922,4.696098310000001,5.045051539300059,5.101422306334211,-0.028185383517076446,-0.00725338628651441,0.9945053529974933,0.5865286432852402,0.18518699580115333,0.2746307865221453,sobel
1.284785509109497,4.597799960000001,4.9891450918875515,5.063996568185324,-0.03742573814888672,-0.008246870459162343,0.992663665954019,0.5873474732055304,0.18535676121211636,0.2747524271387407,sobel
1.443723201751709,5.07969991,5.000464444151608,5.042819193507419,-0.02117737467790537,0.004000746505909505,0.9958180511394986,0.5881686966365649,0.18535416680743433,0.27492166112144983,sobel
1.5447571277618408,5.85309975,5.107043857382657,5.064227414799165,0.02140822129174591,0.02329317123778039,1.0042452882941568,0.588642285565234,0.18541392422918693,0.27486363542741227,sobel
1.7247250080108643,5.269,5.127288375209825,5.085247734936051,0.021020320136886816,0.011452635041460648,1.0041507456942909,0.5894899959642609,0.18554382088010954,0.27472652617532556,sobel
1.8317670822143555,5.7757999600000005,5.208352323308597,5.1262825977269,0.04103486279084834,0.015733588847711085,1.0080693930620008,0.5900442830172214,0.18547431502194578,0.2747479217535736,sobel
1.9909777641296387,4.97839984,5.179608262895023,5.144057819449608,0.017775221722708068,-0.0037630261102145936,1.0034674681670086,0.5907738102391137,0.18532977425723018,0.2749458756369315,sobel
2.144435405731201,5.6474991900000004,5.238094628783145,5.175403422560787,0.03134560311117873,0.004903677639128036,1.006093555751388,0.5914595820482462,0.18557836147023146,0.27485958930461546,sobel
2.2778894901275635,5.90339964,5.321257755185252,5.224021533435608,0.048618110874821596,0.01108809270138545,1.0093940717090544,0.5921529726830356,0.18563257586669915,0.27481590669884104,sobel
2.3895726203918457,5.800298789999999,5.381137884537096,5.276393650469437,0.052372117033828935,0.007421049430196395,1.0100252490726978,0.5927742331761437,0.18545293809734859,0.2747546480907568,sobel
2.4765121936798096,5.53619984,5.400520628969959,5.317769309969611,0.04137565950017397,-0.0017877040517292869,1.0078416551609057,0.5932076669791109,0.1854369358708795,0.2746903694305542,sobel
2.6107141971588135,5.87559856,5.459905370348714,5.365147996762645,0.04737868679303414,0.002107661620565444,1.008909503972692,0.5938219802045266,0.18563420355156027,0.27475550059668064,sobel
2.7029993534088135,6.211399360000001,5.553842119055125,5.428046037526805,0.06289804076415972,0.008813507795845513,1.0117234493441956,0.5942652884360082,0.18580441686730645,0.2748076834883447,sobel
2.878133773803711,6.362498310000001,5.654924142923234,5.503672072658948,0.07562603513214317,0.010770751081914477,1.0139324601540411,0.5951967607015665,0.18572106216381087,0.2749133548813316,sobel
2.9897518157958984,5.7937996400000005,5.67228358005783,5.559875908458576,0.05620383579962773,-0.004325724125300478,1.0102120611580105,0.5957746000492576,0.18563641179244347,0.2749368243635174,sobel
3.1474204063415527,5.83209951,5.692260571300602,5.604004129405918,0.04412822094734192,-0.008200669488793144,1.007936907527056,0.5965261534076254,0.1858672324337259,0.27496078944273417,sobel
3.318560838699341,5.71059936,5.694552919888026,5.634187059566621,0.03018293016070306,-0.011072980137716005,1.0053859578729294,0.5973388891903878,0.18595352636191476,0.2749575530771394,sobel
3.43184757232666,6.33669879,5.774821153652023,5.6810650909284215,0.04687803136180069,0.002811060531690812,1.0083202830978435,0.597965168466086,0.18581950529069818,0.2751288073582092,sobel
3.5472755432128906,5.829293750000001,5.78163022819552,5.714586803350787,0.0335217124223659,-0.005272629203871988,1.0059006034759035,0.5985732543006629,0.18573840964965171,0.2752689974802775,sobel
3.710089683532715,6.579399960000001,5.88135144467108,5.7701750171242185,0.05558821377343115,0.008396936073596631,1.0097274248666301,0.5992781241792572,0.18603205628796368,0.27510533258024716,sobel
3.845139980316162,5.72329919,5.8615949128371945,5.80064831569521,0.03047329857099168,-0.008358989564421418,1.0052811740511434,0.5999318528021711,0.18609910698820112,0.2750724938014811,sobel
3.909832715988159,5.67919856,5.838795368732545,5.8133640000409885,0.0127156843457783,-0.013058301894817399,1.0021921143385597,0.6002488434880331,0.1860576723834358,0.27511851394405523,sobel
3.9518632888793945,5.84889951,5.840058386390977,5.822262128824318,0.008898128783329184,-0.008437928728633257,1.0015306333446978,0.6004642193231825,0.18600523844453307,0.27515116453798893,sobel
4.067421197891235,5.370998999999999,5.781425963092104,5.808650073580247,-0.013612055244070831,-0.015474056378016635,0.9976620676048435,0.601064607610303,0.18587909641000266,0.27507553956251923,sobel
4.242201328277588,5.79919996,5.783647712705592,5.800315953288695,-0.00833412029155145,-0.005098060712748627,0.9985652225239978,0.6019052243313896,0.1861164482342734,0.2750457005690108,sobel
4.4633402824401855,6.012799640000001,5.812291703617393,5.804307870064928,0.0039919167762327845,0.003613988177517803,1.000688224022343,0.6029698251832507,0.1861612930418993,0.27517849524188065,sobel
4.551126480102539,6.00939804,5.836929995665219,5.815181911931692,0.010874041866763662,0.00524805663402434,1.0018734433304004,0.6034452420769497,0.18604921436819744,0.2752542630353724,sobel
4.644714593887329,5.04209991,5.737576234957067,5.78931335294015,-0.025868558991541946,-0.015747272112140633,0.9955515477618225,0.6039302097295097,0.18614053308021802,0.27528651675309257,sobel
4.745429277420044,5.880999360000001,5.755504125587434,5.778043610489244,-0.011269742450905618,-0.0005742277857521527,0.9980533542125195,0.6044045493554446,0.18636084354108393,0.2752841965483328,sobel
4.945450305938721,5.800795160000001,5.7611655048890045,5.772417575289165,-0.005626035200079649,0.002534739732536908,0.9990263079375402,0.6054179327573632,0.1864099948546098,0.2753465310848367,sobel
5.084116220474243,5.176799839999999,5.688119796777879,5.744318315785403,-0.028099259503761687,-0.009969242285572565,0.9951321505872947,0.6061305998149898,0.18632213879374748,0.275533833318849,sobel
5.198134183883667,5.845399359999999,5.7077797421806435,5.732138791250483,-0.012179524534920105,0.002975246341634508,0.9978797267377313,0.6066833521710298,0.18646142994289386,0.27555948605633285,sobel
5.314607381820679,5.519998999999999,5.684307149408063,5.716194910636343,-0.01594388061413987,-0.00039455486879262907,0.9972185110663272,0.607216299355371,0.18665197371476805,0.2754794371119377,sobel
5.402148485183716,5.554297749999999,5.668055974482055,5.700148598584914,-0.016046312051429368,-0.0002484931530410627,0.997192833291676,0.6076951017373935,0.18661567980423463,0.2754946219684091,sobel
5.511806964874268,5.98719964,5.707948932671798,5.702748709947208,0.0026001113622946548,0.009198965130341479,1.0004561479963767,0.6082998190139216,0.18655118287402628,0.27551992166194816,sobel
5.624961614608765,6.37549831,5.791392604837823,5.732296674910747,0.029547964963538398,0.01807340936579261,1.0051813548985595,0.608879864907206,0.18659565391474625,0.27556534195377624,sobel
5.8034913539886475,6.781393239999999,5.9151426842330945,5.793245344684863,0.06094866977411595,0.02473705708818508,1.010632504427218,0.6096505682469747,0.18683189072249365,0.27551451209052985,sobel
5.9245970249176025,5.552599,5.869824723703958,5.818771804357894,0.025526459673031354,-0.005342576506449755,1.0044062452311728,0.6102367603188547,0.1868222285374507,0.275548997794472,sobel
5.945624113082886,6.644298310000001,5.966633921990963,5.868059176902251,0.04928737254435678,0.009209168182437834,1.008470408223853,0.6103531726602819,0.1867769900973658,0.2755690978158709,sobel
6.122351884841919,6.10239856,5.983604501742093,5.906574285182198,0.038515108279947086,-0.0007815480409859282,1.0065635173604843,0.6112365296617859,0.18659448381182464,0.27550800487805976,sobel
6.230147361755371,6.34409919,6.0286663377743315,5.947271636046242,0.040697350864044246,0.0007003472715556161,1.0068901784518551,0.611720775315107,0.18676855804457884,0.2755063989230916,sobel
6.317886829376221,5.91849471,6.0148948843025405,5.969812718798342,0.02254108275209976,-0.008727960420194435,1.0037901552395017,0.6121064151207141,0.18692047612110566,0.27548113985308054,sobel
6.483383655548096,5.7071998399999995,5.976433003764723,5.9720194804538025,0.0022067616554606317,-0.014531140758416782,1.0003696534145052,0.6129395220567189,0.18689248585923526,0.2755395503560688,sobel
6.590106248855591,6.08349639,5.989815927044132,5.977951629317245,0.005932148863442954,-0.00540287677521723,1.0009933237630686,0.6134678375809755,0.1868596339359379,0.27562711692870256,sobel
6.803335189819336,7.098097109999999,6.128351074913615,6.028084777849369,0.05013314853212325,0.019399061446731536,1.0083863422859192,0.6145149850684388,0.1870879543195005,0.27565005074547055,sobel
6.869988918304443,6.68349559,6.197744139299413,6.0846378983327165,0.05655312048334782,0.012909516698978052,1.0093816066905954,0.6148051573798465,0.18718293592568339,0.2756473824591738,sobel
7.027309417724609,6.15398976,6.192274841886986,6.120516879517473,0.03587898118475685,-0.003882311299806457,1.0058966501843254,0.6155970463987901,0.18715222855859331,0.2758715655080668,sobel
7.1578075885772705,6.4281897599999995,6.2217642066511125,6.1542659885620195,0.03374910904454609,-0.0030060917200086107,1.0055140945950969,0.6162676688201101,0.18710376768090023,0.27584765926451565,sobel
7.2254109382629395,8.182997440000001,6.466918360819724,6.258483445981255,0.10421745741923516,0.03373112832734023,1.016934181527566,0.6166028515813743,0.1871235442465694,0.27582048044642987,sobel
7.402235984802246,7.652393239999999,6.615102720717259,6.377356537559923,0.11887309157866799,0.02419338124338653,1.0189939132386776,0.6174166031774311,0.1872945525092076,0.27575801267889777,sobel
7.511976480484009,7.62098844,6.740838435627602,6.498517170249149,0.12116063268922606,0.013240461176972298,1.0189985665652597,0.6179612084598516,0.18737413912895126,0.2758761118817593,sobel
7.624772071838379,7.05269039,6.779819929924152,6.592284756807483,0.09376758655833406,-0.00707629247695985,1.0144290742182864,0.6185596290820354,0.18728866290672744,0.27594431178695195,sobel
7.7124927043914795,7.705889109999999,6.895578577433633,6.693382697016199,0.10109794020871643,0.0001270305867112605,1.0153357969108234,0.6189802797123996,0.18725051857364128,0.2759379934491798,sobel
7.827275991439819,6.920997439999999,6.898755935254429,6.761840443095609,0.06845774607941024,-0.016256581771297466,1.0102276754786377,0.6195243761874957,0.18733040874279575,0.2759575352659581,sobel
7.9680187702178955,7.146783999999999,6.929759443347625,6.817813443179615,0.05597300008400552,-0.014370663883351094,1.0082777759332016,0.6201796026899101,0.18753754924779445,0.2759302203238417,sobel
8.071927547454834,6.350996759999999,6.857414107929172,6.831013664762801,0.0132002215831859,-0.028571721192085356,1.0019361371051287,0.6206494175662014,0.18751060550488788,0.27590697274479875,sobel
8.142059326171875,6.2344877499999996,6.779548313188025,6.813858547571209,-0.01715511719159224,-0.029463529983431748,0.9974886425304511,0.6209905970536447,0.18750848483073598,0.2759736272725791,sobel
8.315605401992798,7.158592159999999,6.826928794039522,6.81821529639398,0.004356748822771372,-0.003975831984534068,1.0006393952548844,0.6218303369722785,0.18758556140156996,0.27613044598937536,sobel
8.555507898330688,7.304799640000001,6.886662649784582,6.841031080857514,0.022815784463533717,0.007241601828114138,1.0033462986238644,0.6229658983997453,0.18780606898012167,0.2760280336012789,sobel
8.802436113357544,6.48469999,6.8364173173115095,6.839493159675512,-0.0015379211820016891,-0.008556051908710635,0.9997751916101791,0.6242295865656,0.18788338332050025,0.276012369145603,sobel
8.88164234161377,7.251799,6.888340027647571,6.855775448999531,0.016282289324019317,0.004632079298655186,1.0023806280588183,0.624604309616963,0.1880046681880211,0.2759302415061228,sobel
9.032152891159058,7.23508775,6.931683492941625,6.881078130313562,0.025302681314030906,0.006826235644333388,1.003690710336454,0.625373406327911,0.18811130363540784,0.2760687684352822,sobel
9.189711093902588,7.383999960000001,6.988223051323922,6.916793103983682,0.03571497367012011,0.008619264000211296,1.0051903165454237,0.6262324100232634,0.18787588429892654,0.2762010380313452,sobel
9.278058052062988,7.6678999899999996,7.073182668658431,6.9689229588752655,0.05212985489158317,0.01251707261083718,1.0075367087186053,0.6266916857218745,0.1878299620281314,0.27614729207143696,sobel
9.325047492980957,7.832999640000001,7.168159790076127,7.035335235942219,0.06641227706695396,0.013399747393103985,1.0095297763311295,0.6269154775254466,0.18788446371569126,0.2761246573285935,sobel
9.465038061141968,9.011294710000001,7.398551655066612,7.156407375650351,0.12107213970813113,0.03402980501714058,1.0172091500472638,0.627565280439484,0.18815893687891833,0.27611769973943046,sobel
9.55217981338501,7.737194239999998,7.440881978183286,7.251232243161329,0.09482486751097863,0.003891266409994036,1.0132503451150112,0.6280099617279095,0.188192484483801,0.2761993459942187,sobel
9.711905479431152,8.68179424,7.595996010910375,7.366153499077678,0.11492125591634839,0.011993827407681897,1.015848514026665,0.6288089521161637,0.18812141055277032,0.2763364888218837,sobel
9.870164632797241,8.42109559,7.699133458296578,7.477146818817311,0.11099331973963356,0.0040329456154835335,1.0150680161299288,0.6295639992441819,0.18825595063196102,0.27623329009181974,sobel
9.957878589630127,8.013898789999999,7.738479124759506,7.564257587464709,0.0871107686473982,-0.009924802738375914,1.0116502685794762,0.6299622036001189,0.18838990922962537,0.2762718368915845,sobel
10.002677202224731,9.21739996,7.9233442291645675,7.683953134697996,0.11969554723328635,0.011329987923756118,1.0158238327885136,0.6301765877371923,0.188397946096248,0.27618659764282016,sobel
10.113494157791138,9.285699189999999,8.093638599268996,7.820514956221662,0.13656182152366636,0.014098131107068066,1.0177723392022007,0.6306560402197801,0.18836514080476235,0.2762612884064615,sobel
10.233575820922852,8.65449991,8.16374626311037,7.934925391851231,0.11441043562956921,-0.004026627393514542,1.0146295271181023,0.6312378462992365,0.1884262963198618,0.2762614833222365,sobel
10.309843301773071,9.366898310000002,8.314140268971574,8.061330350891346,0.12640495904011484,0.003983948008515545,1.0159302013311842,0.6316121424765933,0.1884976932567204,0.27621511067730464,sobel
10.467323780059814,8.825899990000002,8.378110234100127,8.166923645294274,0.10559329440292764,-0.008413858314335826,1.0130987429874092,0.6323366736113651,0.18858329267117346,0.2761339763616911,sobel
10.64557409286499,9.332298790000001,8.497383803587612,8.277077031392054,0.11015338609777992,-0.0019268833097417755,1.0134877453104694,0.6331990510690059,0.18869127640529124,0.27626252089112974,sobel
10.759466409683228,11.55249271,8.87927241688916,8.477808826557755,0.2007317951657015,0.0443257628790899,1.0242515315979779,0.6337567145743966,0.18874249475122057,0.27633142743017935,sobel
10.888577699661255,10.984691589999999,9.142449813528014,8.699355822214509,0.2215469956567535,0.03257048168507096,1.0261325774370769,0.6344279264418846,0.18884375222477412,0.27635492553357516,sobel
10.993705987930298,10.62929471,9.328305425587011,8.909005690005342,0.2096498677908336,0.010336676909575529,1.0240994703602622,0.634931953188402,0.1889494396493412,0.2763136322240546,sobel
11.107503175735474,13.039886310000002,9.792253036138636,9.203421472049774,0.29441578204443175,0.047551295581586835,1.0330469855210358,0.6354951374988327,0.18900147927981248,0.27636709011586613,sobel
11.270732164382935,14.16029559,10.338258355371305,9.581700433156952,0.37827896110717774,0.0657072373221664,1.0411019925856908,0.6362802553218821,0.18896743973635807,0.2764789758422178,sobel
11.404784202575684,16.01295644,11.047595615949891,10.070332160754598,0.48863172759764595,0.08803000190631731,1.0509963477783926,0.6369710658331388,0.18903307478295744,0.27650539130161184,sobel
11.471317529678345,17.017252390000003,11.793802712706155,10.64482234473845,0.574490183983853,0.08694422914626218,1.0570477889719185,0.6373223956751509,0.1890444577193914,0.2765154463445153,sobel
11.630980014801025,20.019234389999998,12.821981672367885,11.370542120614928,0.7257197758764775,0.11908691051944335,1.068175846657994,0.6380543758452556,0.1892763897805624,0.2764378964352473,sobel
11.791380405426025,19.20639216,13.620032983321899,12.120372408183918,0.7498302875689902,0.07159871110597801,1.06594499009942,0.6388409013858323,0.18934248629823622,0.2764300443089248,sobel
11.909597158432007,21.059585559999995,14.54997705540666,12.930240623924833,0.8098682157409147,0.06581831963895128,1.066818756756523,0.6394338476857602,0.189286720140543,0.2763649553805708,sobel
12.046757459640503,22.36187399,15.526464172230828,13.795648473360165,0.8654078494353321,0.060678976666684335,1.0669289825770192,0.6400607545360284,0.18928042311136953,0.2762695573927078,sobel
12.20485258102417,21.16879424,16.231755430701973,14.607684125807435,0.8120356524472694,0.0036533898393108014,1.058861723971536,0.6407680058235797,0.18947284493167657,0.27648478757478745,sobel
12.392730951309204,24.546296390000002,17.271073050614227,15.495480434076365,0.8877963082689302,0.03970702283048581,1.060775979314918,0.6417015371172028,0.18950065761413967,0.27638428835236417,sobel
12.438447952270508,23.65949375,18.069625638037447,16.353528835396727,0.858048401320362,0.0049795579409587995,1.0553741076290486,0.6419348042125701,0.1895096492949223,0.27636415493201283,sobel
12.552785634994507,22.187279750000002,18.584332402032768,17.09713002427541,0.7436011888786815,-0.05473382725036082,1.0454703811246646,0.6425053847493107,0.1894685634370742,0.2763515380500491,sobel
12.668399333953857,24.228191,19.289814726778673,17.82802492510983,0.7308949008344214,-0.03372005764731047,1.0427495667282554,0.6430781328524644,0.1895566128478903,0.2763693616085877,sobel
12.828928709030151,23.124099190000003,19.76910028468134,18.475050044967,0.6470251198571688,-0.05879491931228154,1.0362925855542118,0.6438547176647779,0.1897172468101662,0.2765403164336734,sobel
12.968763828277588,24.96479804,20.418562504096172,19.12288753134339,0.6478374863763925,-0.028991276396528935,1.035065533505977,0.6445740896050969,0.1896920835736243,0.27654898687750074,sobel
13.152689218521118,23.783799,20.83921706608415,19.69499737625698,0.5721098449135873,-0.05235945892966706,1.029917544825585,0.6454820471462344,0.189721779757591,0.2766720595091545,sobel
13.26998519897461,29.86808479,21.96782553157363,20.452606761362528,0.7576093851055496,0.06657004063114765,1.0384670975391384,0.6460200082697708,0.18986580201737926,0.27672741136529466,sobel
13.362756252288818,31.83508479,23.201232938876927,21.36881548720066,0.916208725838132,0.11258469068186497,1.0447966724500353,0.6464950052135693,0.18992504125987136,0.27672351971849574,sobel
13.528980016708374,33.14509639,24.44421587026731,22.393948948222878,1.025133461022218,0.11075471293297552,1.0479733404800207,0.6473703834699218,0.1898373887395949,0.276731095440383,sobel
13.550813674926758,31.954183999999998,25.382961886483898,23.390286594309885,0.9963376460870066,0.04097944899888205,1.0444913779338625,0.6474791245059132,0.18984713667596997,0.2767513882140687,sobel
13.598781108856201,38.46528319000001,27.01825204942341,24.59960841268106,1.2093218183711762,0.12698181064152586,1.0517018811845327,0.6477095356649473,0.1898568770017134,0.27676162169979657,sobel
13.672162771224976,42.68046751,28.976028981995483,26.0584152691192,1.458806856438141,0.18823342435424525,1.0593020357058256,0.6480538589505975,0.18992795461437267,0.2768006685945914,sobel
13.797341346740723,47.17009184,31.250286839246048,27.78903912582815,1.7306238567089487,0.23002521231252654,1.0664132426640633,0.648607193837665,0.190108859112735,0.2768097935893758,sobel
13.8705894947052,65.00445511000001,35.469557873090295,30.3492120415822,2.5601729157540483,0.5297871356788131,1.0921288751353238,0.6489473725960717,0.19016504271924362,0.27674996160049914,sobel
14.072305679321289,134.47569639,47.845325187704006,36.181249756956134,5.832037715373936,1.9008259676493504,1.1921643865871483,0.649971356168854,0.1900485757285057,0.2766216646513072,sobel
14.122575759887695,152.19567974999998,60.889119507991005,44.41720634063442,8.235956583678288,2.152372417976851,1.2276305168838137,0.6502197596345014,0.19005363585195928,0.27662474361854583,sobel
14.252832651138306,186.52133755999998,76.59314676449213,55.14251981525366,10.725313474619234,2.320864654458899,1.2414675383311387,0.6508198333285287,0.1901099718586124,0.27672016223073975,sobel
14.38990831375122,239.86463759,97.00208311768061,69.0957075827293,13.953187767475647,2.774369473657656,1.2530386317894722,0.6514236324783735,0.19027531162298691,0.27677717427852633,sobel
14.517118215560913,153.40629558999998,104.05260967672054,80.74800828072638,11.652300697997077,0.2367412020895432,1.1686400082674544,0.6520692559965683,0.19031567468767996,0.27668764089135933,sobel
14.647461891174316,133.48809710999998,107.73204560588047,89.74268738911108,8.994679108384702,-1.2104401937614162,1.1113919624755826,0.6527811952976339,0.19025912216857988,0.27672552296132874,sobel
14.75061559677124,85.59569950999999,104.9650023438954,94.8167923740392,5.074104984928113,-2.5655071586090026,1.0565405954796911,0.6533036790664276,0.19027649480195827,0.2767353445252617,sobel
14.920903444290161,50.35692839,98.13899309965848,95.92419261591229,1.1074002418730942,-3.2661059508320105,1.0116793683286032,0.6541331290224145,0.19054544353590872,0.27676826031599433,sobel
15.043606758117676,37.59802431,90.57137200095117,94.13991907759191,-1.7842735383203774,-3.078889865512741,0.9813991289406548,0.6546981540460871,0.1906253751528303,0.27673188943072335,sobel
15.191761493682861,31.384791000000003,83.17304937583228,90.48429584367203,-3.655623233919883,-2.475119780556123,0.9611681923063174,0.6554570917423723,0.19056567666792668,0.27689671223155543,sobel
15.353390455245972,28.141156440000003,76.29406275885324,85.75421814873243,-4.730077694939595,-1.7747871207879178,0.9477248769984168,0.6562802462381887,0.19067664472911033,0.27690846959362264,sobel
15.50787878036499,27.23638844,70.16185346899658,80.55676325548716,-5.197454893245279,-1.1210821595468008,0.9393912625472162,0.6570036401139965,0.19091000351930812,0.276819798256046,sobel
15.72050142288208,23.27279804,64.30072154037201,75.1380826837821,-5.418680571705053,-0.6711539190032875,0.9327346289408425,0.6580927820590737,0.19075504160635023,0.2769619294100083,sobel
15.827521800994873,20.05449879,58.76994369657551,69.68203635471323,-5.456046329068869,-0.3542598381835515,0.9273864046806919,0.658597059285007,0.19073613402081538,0.27687531531853077,sobel
15.992883682250977,19.206291590000003,53.824487183253574,64.39618663089334,-5.285849723819894,-0.09203161646728814,0.9241432943074092,0.6593266265395329,0.1910021076045279,0.2768334012856196,sobel
16.108989000320435,19.867096389999997,49.579813334096876,59.45739553196118,-4.938791098932157,0.1275135042102243,0.9233061558871434,0.6598489840831179,0.19105467322911807,0.2770694126200034,sobel
16.1523494720459,19.05836156,45.76463186233477,54.893140975419044,-4.564254556542139,0.2510250233001213,0.9232348723702734,0.6600447921012905,0.19102532106105885,0.2771919302999121,sobel
16.267659187316895,19.37826975,42.46633659829292,50.75087284971033,-4.142268125708711,0.3365057270667746,0.9245394223740339,0.6606200129779641,0.19091518279736688,0.2772811712183535,sobel
16.403138160705566,16.19149271,39.1819811122563,46.89457560389232,-3.8562972458180127,0.31123830347873627,0.9240151542370956,0.6613512269964478,0.19097014842531843,0.27705542074915196,sobel
16.51812243461609,16.75034224,36.37802625322426,43.389059153669635,-3.505516450222686,0.33100954953703154,0.925246866933332,0.6619051633957221,0.19113342171280776,0.277044750614913,sobel
16.723249197006226,15.032799359999999,33.70987289157123,40.16266373297017,-3.2263954206994683,0.3050652895301246,0.9256403461233706,0.6629612099369351,0.1911603522474729,0.2771539788337899,sobel
16.745874166488647,14.929799359999999,31.362363700124824,37.229230388688386,-2.933433344281781,0.299013682973906,0.9269611855482165,0.6630878175707474,0.19115130305650588,0.27719798636304316,sobel
16.911200523376465,16.52949639,29.508255286359223,34.655572021245334,-2.573658367443052,0.32939432990631745,0.9308699551246962,0.6638992275763531,0.19117505425093956,0.2772734466157142,sobel
17.04456853866577,13.21931231,27.472137414314318,32.261093818934995,-2.3944782023103386,0.2542872475195154,0.9309064008280566,0.6645269103795003,0.19138814066205492,0.2772179135610936,sobel
17.244950771331787,10.58108631,25.360756026275027,29.960981221381672,-2.3001125975533228,0.17432642613826563,0.9287032048428774,0.6655179725665579,0.19140530858319232,0.2773583848108795,sobel
17.397855520248413,9.10941351,23.329338211740648,27.75043355150133,-2.2105476698803415,0.13194567690562348,0.9262191163384601,0.666291021117698,0.19142981317012445,0.27746213070818704,sobel
17.465306282043457,9.481532759999999,21.598362530273068,25.69974321109191,-2.050690340409421,0.14590150318827197,0.9261024035316927,0.666586441500536,0.191528951305933,0.2774242469906916,sobel
17.669774532318115,8.62264719,19.976398112738934,23.791961511640917,-1.907781699450993,0.14440507207334996,0.9257665073234038,0.667508443609804,0.1916536842757449,0.27731417794978863,sobel
17.757781744003296,9.31490119,18.643710997396568,22.0758780068928,-1.7160835047481164,0.1680516333881133,0.9278712894727712,0.6679695909209988,0.19159626280426956,0.2772975990471541,sobel
17.910353660583496,8.747231110000001,17.406651011471997,20.5194690084192,-1.5564089984736,0.16386306983131485,0.9294973002664882,0.6687250841113174,0.19159921605997166,0.27719278271067566,sobel
18.12215518951416,7.97330119,16.227482283787996,19.088806766875464,-1.430662241543736,0.14480491338058943,0.9302778136726282,0.6696849645151632,0.1918217506058247,0.27723637308444726,sobel
18.231801986694336,9.10589184,15.337283478314497,17.83829900402181,-1.2505077628536547,0.16247969603533535,0.9344899983469033,0.6702131420927326,0.19185414010229615,0.27732783417230206,sobel
18.38767385482788,6.750189749999999,14.263896762275184,16.646831590106267,-1.191467413915543,0.11076002248672354,0.9332073414821158,0.6710448870261563,0.19176435609091028,0.2773073792449569,sobel
18.5830717086792,7.099479,13.368344541990787,15.554002574067773,-1.0928290160384933,0.10469921018188665,0.9343521312074788,0.6720155827643943,0.19193425626607546,0.27739204620363966,sobel
18.7575044631958,7.032875990000001,12.576410972991939,14.561472040375829,-0.9925305336919443,0.10249884626421779,0.9361880950600633,0.6728368235732709,0.19203371614769515,0.2772773526107636,sobel
18.877723217010498,6.825883189999999,11.857595000117946,13.660179693623201,-0.9012923467526281,0.09686851660176699,0.9381043108654442,0.6734527676661519,0.1920317116691661,0.2772960011537856,sobel
19.03079104423523,6.759086310000002,11.220281413853204,12.846880267033201,-0.8132994265899995,0.0924307183821978,0.940462025768983,0.67419594228599,0.1921072054934257,0.2774662448021807,sobel
19.22731328010559,8.05769775,10.824958455871554,12.17290632997932,-0.6739739370538818,0.11587810395915779,0.947537929594986,0.6750909551730714,0.1923047874322156,0.2776720822115328,sobel
19.40372061729431,6.77527975,10.31874861763761,11.55485375919875,-0.61805257078057,0.08589973511623479,0.9492271973490476,0.6759712944898686,0.19222545799191307,0.27746254731951786,sobel
19.55395746231079,6.477798039999999,9.838629795432908,10.982779104610136,-0.5720746545886133,0.06593882565409573,0.9504905326791186,0.6766850652002651,0.19228147858903788,0.27745234710574496,sobel
19.66726303100586,5.81119804,9.335200826003794,10.433586345074689,-0.5491927595354475,0.04441036035363073,0.9499951010300373,0.6772043402702816,0.1924781252733889,0.27752257264764957,sobel
19.79782009124756,5.985494709999999,8.91648756150332,9.927886750550899,-0.5056995945237901,0.04395176268264409,0.9515315656765986,0.6778867304754043,0.1924683205829475,0.2775393177137655,sobel
19.949573040008545,5.093375,8.438598491315405,9.431457330805735,-0.49642941974516397,0.02661096873063511,0.949996466295547,0.6786576127278224,0.19239415257142906,0.277591331745937,sobel
20.078494548797607,6.58658556,8.20709687490098,9.023337178837483,-0.4081201519682516,0.057460118253773756,0.9567277741229642,0.6793096281914228,0.1924109073714505,0.2776031794841343,sobel
20.196518182754517,6.023175,7.934106640538357,8.660260332737774,-0.3630768460997089,0.05125171206115821,0.9597624649391097,0.6798472253443962,0.19256492037680406,0.27769707443975067,sobel
20.2646324634552,5.07817884,7.577115665471062,8.299212110315537,-0.36104822242223733,0.026640167869314897,0.9583097726222626,0.6801573739380324,0.19266697429727447,0.2777155012636138,sobel
20.39221501350403,6.298283189999999,7.417261606037179,8.005228608889418,-0.2939835014261192,0.04685244443271652,0.9645769384468784,0.6807988424328867,0.19268097767540762,0.27789901991327776,sobel
20.503225326538086,6.388496389999999,7.288665954032532,7.766374390603789,-0.23885421828562858,0.05099086378660356,0.9701627236453444,0.681332869990322,0.19261153825159705,0.27789414568730686,sobel
20.589940786361694,6.124089109999999,7.143093848528466,7.558614209912014,-0.20776018069177482,0.04104245069022866,0.9732487554368825,0.6817731403991248,0.1926430282161826,0.27788739670856366,sobel
20.722110986709595,6.405999640000001,7.050957072462408,7.389395164095479,-0.16921904581653546,0.03979179278273401,0.9776124245639327,0.682435132093406,0.19281144777105844,0.27785263897316076,sobel
20.74709463119507,6.835783999999999,7.024060438404607,7.267616922198521,-0.12177824189695752,0.04361629835115598,0.9835198633727603,0.6825532870051425,0.19282279487660325,0.2778454448820512,sobel
20.90673327445984,5.926297749999999,6.886840102354031,7.140691315583691,-0.12692560661483032,0.019234466816641586,0.9825354572243422,0.6833520885408808,0.19291618080607723,0.2777813873343472,sobel
21.030616760253906,6.4309980399999995,6.829859844559778,7.037080825242387,-0.1036104903413042,0.02127479154508385,0.9854901317306369,0.6839714849300185,0.1929442057011373,0.27785721950126097,sobel
21.12677526473999,5.942696389999999,6.718964412739806,6.93104202107486,-0.10603880416752709,0.009423238859430484,0.9849314215935733,0.6843921868465063,0.19300570542996193,0.27786339052819986,sobel
21.249238967895508,5.92989639,6.62033090989733,6.82747165068235,-0.10357037039250994,0.005945836317223819,0.9850570274891439,0.6849754355413825,0.1930566572610577,0.2777335896067816,sobel
21.392963886260986,5.90858976,6.531363266160164,6.728768855841621,-0.09870279484072864,0.00540670593450256,0.9855432874875629,0.6856418181347105,0.1931713049105129,0.27764391542793265,sobel
21.438385009765625,5.56729375,6.410854576640143,6.622797429441128,-0.10597142640049295,-0.000930962812630878,0.9842509932097767,0.6858710276315422,0.19320852581698097,0.2776941043526617,sobel
21.489726066589355,5.370999,6.280872629560125,6.50882249614746,-0.11397493329366792,-0.004467234852902925,0.9827905149586788,0.6861139075912447,0.19323094326134194,0.27761226930882055,sobel
21.609428882598877,6.21559424,6.2727128308651094,6.430119274386676,-0.07870322176078393,0.015402238339990534,0.9879082242898208,0.6866603299699581,0.1933250282134296,0.277631133184692,sobel
21.8041570186615,7.056284789999999,6.370659325756971,6.410299291510108,-0.01981998287656861,0.037142738612102925,0.9969176337124075,0.6876191228616962,0.1934735745710962,0.277583570133347,sobel
21.883995532989502,6.17709375,6.346463628787349,6.389020737269188,-0.02127855424091951,0.01784208362387601,0.9966805677436775,0.6880100985006594,0.19350221395393946,0.27766815225574293,sobel
21.908936023712158,5.5253897599999995,6.24382939518893,6.340623623242435,-0.04839711402675295,-0.004638238080978716,0.9924249558708681,0.6881323694504294,0.1935179281332971,0.27771427977450003,sobel
22.070765018463135,5.489336,6.149517720790314,6.276921655758395,-0.06370196748404044,-0.009971545769133104,0.9899533592799087,0.6888732176999891,0.19368045932434763,0.2780390812760933,sobel
22.11401605606079,5.577062789999999,6.077960854441525,6.210601388652772,-0.06632026710562311,-0.006294922695357885,0.9894342687797001,0.689078459462938,0.19371582198476656,0.2780754235853901,sobel
22.20203447341919,6.336660310000001,6.110298286386334,6.177167021230626,-0.03343436742214578,0.013295488494059721,0.9946165652358188,0.6895345232321552,0.193712840608019,0.2779733274661997,sobel
22.323314428329468,6.503262790000001,6.159418849338043,6.171250963933098,-0.005916057297527644,0.02040689930933893,0.9990422701414428,0.690132785575749,0.19383336445598764,0.2778902198477174,sobel
22.43142580986023,6.01406279,6.141249341920788,6.161250423262328,-0.010000540670770164,0.008161207968048204,0.9983794953844501,0.6906606536193997,0.1939866162954549,0.27795186482806533,sobel
22.58261466026306,6.29665775,6.160675392930689,6.161058746485115,-0.00019167677721299015,0.008985035930802689,0.9999688899551153,0.6913877625858512,0.1940401912925144,0.27794803969086923,sobel
22.711605310440063,5.78517296,6.113737588814353,6.145285027261528,-0.015773719223587612,-0.0032985032577859657,0.9974397713327134,0.6920724258876655,0.19404383756765609,0.2780157965993807,sobel
22.844177961349487,6.8609481599999995,6.207138910212559,6.165902988245205,0.020617960983677186,0.016546588474739415,1.003355086198966,0.6927056472810225,0.1940355736947897,0.27789674075128823,sobel
22.907870054244995,5.981163999999999,6.178892046435989,6.170232674308799,0.004329686063594629,0.00012915677732842912,1.0007021982136028,0.6930103292186113,0.19405590394071584,0.27790764076448504,sobel
23.07466173171997,6.689568640000001,6.24272662063149,6.19439732308303,0.024164648774230635,0.009982059743982218,1.0039163269927964,0.6937632552538066,0.19421261332022616,0.27799618389357267,sobel
23.164270639419556,6.4629806400000005,6.270258373052554,6.219684339739538,0.025287016656507788,0.005552213813129685,1.0040822400207163,0.6941924444757431,0.1942667781319541,0.2780225637174398,sobel
23.321144342422485,7.08087191,6.371585065170985,6.270317914883353,0.05063357514381561,0.015449386150218755,1.0081408593070071,0.6949577881033943,0.1943248900980037,0.27804302787471813,sobel
23.557589292526245,6.5786831900000005,6.397472330774612,6.3127027201804395,0.0423848052970861,0.003600308151744622,1.006759594309641,0.6960896072621454,0.19448405628797394,0.2781293105028999,sobel
23.671992540359497,6.387491589999999,6.396224738177785,6.340543392846222,0.02784067266578205,-0.005471912239779714,1.0044102619590782,0.6966782464600612,0.19451485635564297,0.27810463324588436,sobel
23.854822158813477,7.050899189999999,6.478059044655562,6.386381943449335,0.04583855060311315,0.006262982848775691,1.0072294356749976,0.6975960788676985,0.19466088110688637,0.27816415303204534,sobel
23.890313148498535,6.87999516,6.528301059073617,6.433688315324096,0.047306371874761055,0.0038654020602117986,1.0074073821913023,0.6977571601141324,0.19472246904334975,0.27818429903618924,sobel
23.983922243118286,7.173494709999999,6.6089502654394146,6.492108965362536,0.05842065003843988,0.007489840111945312,1.0090804290129023,0.6981878410926221,0.19479622508501887,0.27817931793815187,sobel
24.109350442886353,5.96749471,6.528768321009488,6.504328750578186,0.012219785215650703,-0.019355512355421933,1.0018822520202368,0.6988475272663205,0.19481481083699986,0.27820730003485217,sobel
24.303268909454346,6.88919856,6.5738221008833015,6.527493200679891,0.02316445010170476,-0.0042054237346839385,1.0035613898051579,0.6998189374203316,0.19484712929649511,0.278238753341562,sobel
24.46915602684021,6.49339984,6.563769318272889,6.539585239877557,0.01209203919766555,-0.007638917319361574,1.0018524782525098,0.7005736042958465,0.19501871879246713,0.27827576060412973,sobel
24.51070237159729,7.81579856,6.720272973488777,6.5998144844146305,0.06022924453707379,0.020249144010023333,1.0092099486936577,0.7007762693414594,0.19503362675987898,0.2782244698280748,sobel
24.595057010650635,7.92259676,6.87056344680268,6.69006413854398,0.09024965412934982,0.025134776801149682,1.0136745743903064,0.7011788757144043,0.1950723207697617,0.2781563827154103,sobel
24.709964752197266,6.504499989999999,6.824805514702345,6.734977930596768,0.044913792052788004,-0.010100542637706069,1.0067135069444286,0.7017035954891655,0.19513255238477847,0.27812948973927826,sobel
24.88202452659607,4.674599960000001,6.556029820364552,6.675328560519363,-0.05964937007740545,-0.05733185238394976,0.9911433458740198,0.7024845311062181,0.1951497080644876,0.2783493760098139,sobel
24.989182472229004,4.98409919,6.359538491568983,6.57006520420257,-0.10526335631679284,-0.05147291931166858,0.9842309849826174,0.7029966326666055,0.19517105020955702,0.27835996490630227,sobel
25.11141061782837,5.583099990000001,6.262483678872861,6.467538029092667,-0.10252717510990284,-0.024368369052389285,0.9843948009763555,0.7035961206138535,0.19528082372613934,0.2782695706067229,sobel
25.28184199333191,5.1653942399999995,6.125347499013753,6.353474519066363,-0.11406351002630455,-0.0179523519843955,0.9823636893183747,0.7044202972939514,0.19542867384133478,0.2782681724508975,sobel
25.389198780059814,4.81098976,5.961052781637034,6.222667273256587,-0.13080724580977598,-0.01734804388393347,0.979411698997575,0.7049891904562731,0.19545307114062116,0.27831877231442836,sobel
25.553569793701172,6.10639804,5.9792209389324045,6.141518495148526,-0.08114877810806043,0.01615521190889104,0.9869591648493217,0.7058029263367989,0.19549669702576528,0.2783804853896268,sobel
25.68540930747986,6.19189471,6.0058051603158535,6.096280716870969,-0.04523777827755726,0.026033105869697103,0.9926341053416524,0.706449610347695,0.19548990080425072,0.27837466853040616,sobel
25.83284330368042,5.705999360000001,5.968329435276372,6.05363028967277,-0.04265042719819867,0.014310228474527847,0.993003861013131,0.7071814761018717,0.19565719054379055,0.278496267887415,sobel
25.986804485321045,4.67649879,5.806850604616826,5.971370394654122,-0.08225989501864817,-0.012649619672960825,0.9864114769018881,0.7079316352941477,0.19577427541614095,0.27858898276952304,sobel
26.08517026901245,6.01539996,5.832919274039723,5.925220021115989,-0.04615037353813278,0.01172995090377728,0.9922713932501241,0.7084278248476579,0.1957719980824072,0.27864462794780287,sobel
26.191776037216187,5.5828,5.801654364784757,5.884031469005579,-0.041188552110410726,0.008345886165749668,0.9930486037710625,0.708915883384812,0.19579759506400332,0.27872987950142825,sobel
26.301943063735962,6.35749951,5.871135007936663,5.879732648649274,-0.004298820356305022,0.022617808959927686,0.9992694090133696,0.7094215301408732,0.19587272679328088,0.27872215465684846,sobel
26.470525979995728,7.336397440000001,6.05429281194458,5.937919369747709,0.05818672109843526,0.04255167520733398,1.009896150824443,0.7102377376770166,0.1959021663411938,0.2785655268828575,sobel
26.597594022750854,7.08829975,6.183543679201508,6.019794139565642,0.08187476981793296,0.03311986196341584,1.013788461028128,0.7108940597180353,0.1958545759075421,0.2785820061960028,sobel
26.66718029975891,6.40589879,6.211338068051319,6.083642115727534,0.06384797616189264,0.007546534153687761,1.0106063388018947,0.7112159305390866,0.1958978698812772,0.27860924105672547,sobel
26.8774893283844,5.80159804,6.160120564544904,6.109134931999991,0.025492816272456587,-0.015404312867874147,1.0041903872363813,0.7122021223833284,0.1960983125878197,0.27861193122109795,sobel
26.99522113800049,6.41849271,6.1924170827267915,6.136895648908925,0.02776071690893378,-0.006568206115698477,1.0045441322246005,0.7127947393732176,0.196183381779046,0.2786279815768272,sobel
27.164618015289307,5.99439936,6.167664867385943,6.147152055067931,0.010256406159006026,-0.012036258432813116,1.0016712694407357,0.7136702187024005,0.19625874601683607,0.27869008701036857,sobel
27.27896809577942,5.81919744,6.1241064389627,6.139470183032854,-0.007681872035076864,-0.014987268313448003,0.998750336421442,0.7142096458238998,0.19640275537080798,0.2786444624425163,sobel
27.443639993667603,6.06789271,6.117079722842362,6.13200669630269,-0.0074634867301641705,-0.007384441504267655,0.9987843435170041,0.7150229975659994,0.19651644621656167,0.278603409978046,sobel
27.58600425720215,7.565898789999999,6.298182106237067,6.187398499614149,0.05539180331145932,0.027735424268677922,1.0090332261614876,0.7157311453968592,0.19663665500631744,0.27883610140364934,sobel
27.71166706085205,6.357199360000001,6.305559262957433,6.226785420728577,0.039386921114427764,0.005865271035823183,1.0063656674314552,0.7163127515412364,0.19666225969849943,0.27897054090985196,sobel
27.755366325378418,7.56259964,6.462689310087754,6.305420050514969,0.07863462978639202,0.02255648985389372,1.0126284470193276,0.7165273687879801,0.1966636528294722,0.27894957952324984,sobel
27.869752645492554,8.70969775,6.743565365076785,6.451468488702241,0.14604843818727176,0.04498514912738673,1.0231623646033454,0.7170759480660259,0.1967332949981807,0.27877794608612394,sobel
27.993921518325806,7.050098790000001,6.781882043192187,6.56160634019889,0.11013785149664912,0.004537281218382046,1.0170717491203005,0.7176786444763252,0.1968000966849936,0.2786945487319134,sobel
28.212119579315186,7.09509951,6.821034226543164,6.6480823023136475,0.08647596211475772,-0.009562304081754677,1.0131790841497108,0.7187751334347987,0.19673267174694242,0.27864897950187884,sobel
28.309186220169067,8.206499749999999,6.994217416975268,6.763460673867521,0.11537837155387365,0.009670052678680627,1.017355135858309,0.7192432115203211,0.19679604566829229,0.2786385300730692,sobel
28.402238368988037,7.12029975,7.00997770860336,6.845633018779467,0.08217234491194603,-0.011767986981623495,1.0121494526063324,0.719667730849308,0.1968844906235788,0.2786362814894582,sobel
28.587011337280273,6.558699989999999,6.9535679937779395,6.881611343778958,0.035978324999490496,-0.02898100344703951,1.0052556607841514,0.7205889619087145,0.1969984721556925,0.27879390197541626,sobel
28.715144157409668,7.03359804,6.9635717495556975,6.908931479037871,0.02732013525891297,-0.018819596593808517,1.0039700200860096,0.7212197266784177,0.19705916513581984,0.27885704908346975,sobel
28.877816438674927,7.59759856,7.0428251008612355,6.953562686312326,0.04463120727445524,-0.0007542622891331223,1.0064599290657128,0.7219950004793181,0.19712490525814508,0.2789323460793141,sobel
28.944031476974487,7.085799840000001,7.048196943253581,6.985107438626078,0.03154475231375198,-0.006920358624918193,1.0045364878029857,0.7223170029278267,0.19720689591934204,0.27897224570175566,sobel
28.98783254623413,7.36389951,7.087659764096883,7.019291547116346,0.034184108490268095,-0.0021405012242010383,1.0048938557911418,0.7225243551036896,0.19723586969754606,0.2789845271442699,sobel
29.157541036605835,7.14179676,7.094426888584772,7.0443366609391544,0.025045113822808496,-0.005639747945830319,1.0035680401155438,0.7233457715195539,0.19734577921483887,0.2790569629121518,sobel
29.202903509140015,7.74579804,7.175848282511676,7.088173868129995,0.04383720719084039,0.006576172711100786,1.00622304260867,0.7235886627622931,0.19733790101227452,0.27904183364239665,sobel
29.356553316116333,7.644398039999999,7.234417002197716,7.136921579485902,0.048747711355907164,0.005743338438083781,1.0068773300800489,0.7243070039614101,0.19736489564152832,0.2789538331481097,sobel
29.512275457382202,6.898599840000001,7.192439856923002,7.155427671964936,0.018506092479033676,-0.012249140219394852,1.0025930076816632,0.7250301477275255,0.19746569645485607,0.2788831279624869,sobel
29.64380645751953,7.31899856,7.2082596948076265,7.173038346245833,0.017610674280897243,-0.006572279208765642,1.0024611630622577,0.7256444745725429,0.19755545574095046,0.27876263321264194,sobel
29.798264503479004,9.14389999,7.450214731706673,7.26543047473278,0.09239212848694667,0.03410458749864189,1.0128804732425978,0.7263554202291732,0.1976997815738046,0.27870170376451114,sobel
29.951374769210815,7.70319424,7.481837170243339,7.337566039902966,0.07213556517018649,0.006924012090940856,1.0099286016735078,0.7270832341985711,0.19781757071467257,0.2786374784854059,sobel
30.104951858520508,9.55959964,7.741557478962922,7.472229852922951,0.1346638130199853,0.034726129970369835,1.0183526543117514,0.7278534734723089,0.19793322677785044,0.27857716555141043,sobel
30.237865686416626,8.656699190000001,7.855950192842557,7.600136632896153,0.12790677997320188,0.0139845484617932,1.0171176185008772,0.7285256219466015,0.19803112482166496,0.27877576311545776,sobel
30.30420732498169,6.64369975,7.704418887487237,7.634897384426514,0.034760751530360956,-0.03958073999052386,1.004573700870048,0.7288436438338148,0.19802212138373984,0.2787876854616938,sobel
30.429628133773804,6.303299989999999,7.529279025301332,7.59969126471812,-0.035206119708393935,-0.054773805614639376,0.9953887894053158,0.7294480552844573,0.1981111110798761,0.2789581161156821,sobel
30.553951263427734,6.351098310000001,7.382006435888666,7.527129655108302,-0.07256160960981806,-0.04606464775803175,0.9904520319204692,0.7300481141887957,0.19822620205044444,0.278935280341461,sobel
30.642900705337524,6.3097974400000005,7.247980311402583,7.4340798738730625,-0.09304978123523977,-0.03327640969172673,0.9876380791219543,0.7305010643565281,0.19826164536635227,0.278948016636969,sobel
30.750433921813965,5.675298310000001,7.05139506122726,7.306518269657795,-0.1275616042152672,-0.03389411633587708,0.9828409693762398,0.731039869793123,0.1983383051582237,0.2789925166987366,sobel
