focus_value,x,y,z,quaternion,timestamp,metric
785.6650002485254,0.680326006344121,0.10285296367456671,0.34761855560762445,"0.7073597090742147,0.7068535075257373,0.00013909114866428595,-0.000584406243276623",0.0,squared_sobel
790.8951879593913,0.6803197939257895,0.10282190890055608,0.3476378056404568,"0.707374628774115,0.7068385968111053,0.00013553715066930315,-0.0005605840449139898",0.23018693923950195,squared_sobel
791.3453643951723,0.6803387986444033,0.10284663185693554,0.3476003869211264,"0.7073733595838902,0.7068398674302039,0.00014924546185477933,-0.0005564962212220588",0.3982548713684082,squared_sobel
796.9443951974997,0.6803286303630909,0.1028520743685623,0.34765217998030673,"0.7073695983047353,0.7068436418006464,0.00017250797479843082,-0.0005363592039826394",0.5831561088562012,squared_sobel
796.3642393851155,0.6803251063860093,0.10281376502558649,0.3476462556222355,"0.7073928845931124,0.7068203193349419,0.0001559645781311335,-0.0005645151340378998",0.8204643726348877,squared_sobel
792.2539514685936,0.6803379549360572,0.10284547449169677,0.34760234587869576,"0.7073741930785593,0.7068390333669089,0.00014963105037780328,-0.0005563146049683424",1.02976655960083,squared_sobel
793.9218877998051,0.6803202144372087,0.10284166103415074,0.3476511331830803,"0.707385912319713,0.7068273082691973,0.00016157777985424928,-0.0005488434655425906",1.1801888942718506,squared_sobel
794.2451309588837,0.6803315990480407,0.10281877767022433,0.3476489136189637,"0.7073970079765983,0.7068161996847596,0.00016454832100832939,-0.0005530757639483436",1.4603097438812256,squared_sobel
791.4163177061787,0.6803386586540359,0.1028446005377811,0.3476367479818988,"0.7073795677765516,0.7068336488067369,0.00018133924106106033,-0.0005541866949854155",1.6002297401428223,squared_sobel
789.1050968215038,0.680312948940075,0.10284683026432175,0.34762050981249115,"0.707364144786183,0.7068490797397411,0.00014872226330655462,-0.0005683517232950083",1.74173903465271,squared_sobel
783.0612674520441,0.6803318178702428,0.10283454856503024,0.3476505379283509,"0.7073790078460314,0.7068342166209837,0.0001812746827653254,-0.0005446210186921056",1.9398705959320068,squared_sobel
784.2054508105546,0.6803257025766375,0.10281299177266391,0.3476520223905607,"0.7073962426191949,0.7068169830194361,0.00016325721724724318,-0.0005308395505745835",2.102971315383911,squared_sobel
785.6995670002027,0.6803328694097308,0.10283646872204784,0.3476368534598987,"0.7073859662916709,0.7068272412183004,0.0001716855000065011,-0.0005623961367293744",2.302943229675293,squared_sobel
790.8821539640264,0.6803339206316289,0.10281526786648074,0.34763284336088907,"0.7073955570920917,0.7068176477061052,0.00016045307854004655,-0.0005594214752054323",2.503427743911743,squared_sobel
788.9807763709161,0.6803280243379103,0.10283286904733811,0.3476330742521999,"0.7073897475182941,0.7068234535131879,0.0001693231719494651,-0.0005674498726183548",2.7900915145874023,squared_sobel
790.0374054772334,0.6803345998945824,0.1028398631025879,0.3476779669386867,"0.7073892584753109,0.7068239536958502,0.00019460689037981483,-0.000545530635984715",2.9917938709259033,squared_sobel
789.3712681326433,0.6803289713425038,0.10282512900614393,0.3476142703516424,"0.707386909909371,0.7068263069213153,0.00013596432602991934,-0.0005595056282660503",3.0991127490997314,squared_sobel
787.487665330124,0.6803342450138997,0.10283113207627492,0.3476194426224656,"0.7073836780752936,0.7068295472330318,0.00013915842286640494,-0.0005511678058095742",3.3498494625091553,squared_sobel
784.1723345382602,0.6803273549555006,0.10284193872892469,0.3476709212468567,"0.7073859337767452,0.7068272802638805,0.00019453320418355043,-0.0005465586890537541",3.5200369358062744,squared_sobel
782.0479564619234,0.68033241983092,0.10279446707761414,0.34763648304597494,"0.707403012237982,0.7068102022949809,0.0001577536053487798,-0.0005397426773773887",3.7206766605377197,squared_sobel
782.2690222139657,0.6803214136459234,0.10281876011881522,0.3476134008369318,"0.7074003529538396,0.7068128341281438,0.0001440003462094867,-0.0005808755671675545",3.938032865524292,squared_sobel
775.4964604684974,0.6803269952717446,0.10281957816542937,0.3476463500000664,"0.7073911757078502,0.7068220376451821,0.00016656864754736425,-0.0005512573480145462",4.160032033920288,squared_sobel
780.803940990086,0.6803268553075281,0.10281873012356584,0.34765688153812013,"0.7074001582132253,0.7068130279730745,0.00019132017409330553,-0.0005683696231622738",4.382951259613037,squared_sobel
784.0544158951852,0.6803208580944599,0.10283051494056489,0.347639847625953,"0.7073860081581819,0.7068271971327729,0.0001632405722797588,-0.0005676336640229025",4.577777147293091,squared_sobel
786.454785563507,0.6803166165567177,0.10283540190064405,0.3476771806273339,"0.7073979435114338,0.7068152548102644,0.00019144899355432848,-0.0005553652656335562",4.840088367462158,squared_sobel
785.6330296222482,0.6803238955847083,0.10284095139406729,0.3476660954290971,"0.7073903338798825,0.7068228703902323,0.00019251192907609947,-0.0005553069228777314",5.060526371002197,squared_sobel
789.2659629093133,0.6803250295424071,0.10280538814983367,0.34765604354323965,"0.7073874276912805,0.7068257942790931,0.00017496949644514858,-0.0005413609868547356",5.2801783084869385,squared_sobel
786.535348051601,0.6803227845617487,0.10282724229185385,0.3476871718467178,"0.7074002248476016,0.7068129717052491,0.0002063925260074183,-0.000549833504470133",5.417860984802246,squared_sobel
789.3355272006604,0.6803295748360909,0.1028477259266281,0.34767164749250434,"0.7073807623983623,0.7068324592121872,0.0001861915949833143,-0.0005449086649405684",5.677866697311401,squared_sobel
787.4532774928659,0.680318522240535,0.10283286003305765,0.347652452944175,"0.7074014523689925,0.7068117327858408,0.0001631787235181803,-0.000577022721768874",5.910766124725342,squared_sobel
789.3879803950249,0.6803130388808235,0.10284696445998245,0.34764100243064033,"0.7073933969719073,0.706819806522813,0.00015689586966232392,-0.0005642794386408907",6.077771902084351,squared_sobel
787.1870066263061,0.680329374547044,0.1028456835896434,0.34766758125182445,"0.707380083462476,0.7068331447309264,0.0001971081811320693,-0.000533084209608741",6.240162134170532,squared_sobel
685.7447202181387,0.6809798117540337,0.10306751591267617,0.3483846572202224,"0.7073814303608975,0.7068315400421326,0.0007744696040654508,-0.00029356271959984226",6.4376442432403564,squared_sobel
713.3632111428767,0.6818538186547071,0.10327973814216493,0.34856072371462654,"0.7073072897793046,0.706905584829281,0.0009215421663546524,-0.00020669364453719622",6.619568824768066,squared_sobel
771.2881637889714,0.683158186154073,0.10344367729845258,0.34819373412532895,"0.7073098847386685,0.7069032263216039,0.0006707250591757071,-0.00032510763405870624",6.880183935165405,squared_sobel
743.5966979014787,0.6836704195265182,0.10347437906690285,0.3481117932097655,"0.7073025442928194,0.706910612356051,0.0006047510645460951,-0.00036228641616735803",6.979471445083618,squared_sobel
775.8465869718923,0.6849027380084427,0.10361254566788944,0.348111444857633,"0.7072960066403299,0.7069171341579341,0.000625879514175638,-0.0003642793013554207",7.221164226531982,squared_sobel
796.0407174381032,0.6858735757754486,0.1036446455309658,0.3480903603302302,"0.7072812484973358,0.7069319015037545,0.000628585453552587,-0.0003564276411186759",7.393326044082642,squared_sobel
925.6328800413132,0.6872282337481859,0.10386813885192257,0.3482102475194706,"0.7072216752583467,0.706991394850385,0.0007647462311197441,-0.0002912309852760209",7.639850378036499,squared_sobel
1033.0038656583538,0.6879180939945991,0.103951758929146,0.3482617874898718,"0.7071885902395729,0.7070244379732175,0.000814410281265049,-0.00028049869043709786",7.7803192138671875,squared_sobel
933.1367613444642,0.6890254613574995,0.1041037485996607,0.3484479517015231,"0.7071421597509919,0.7070706471607242,0.001005881158264544,-0.00023244249304231408",7.983678579330444,squared_sobel
929.1730419132243,0.6899060390109412,0.1042518892604427,0.3485312524160179,"0.7070568321265577,0.7071559037526846,0.0010634008894983946,-0.00018195996523434298",8.149393320083618,squared_sobel
982.3474543480919,0.6910788182144585,0.10438452329736826,0.3484272286130131,"0.7070307766210623,0.7071820155209521,0.0010190933689566437,-0.00019819951255260537",8.385663747787476,squared_sobel
912.6475812924767,0.6918746099255291,0.10454070484579202,0.34844776155271906,"0.7069745441966258,0.7072381701034087,0.0010620915160265358,-0.00019122857227384804",8.546706914901733,squared_sobel
808.0361918385399,0.692978402742722,0.10467752870972294,0.3484572837431331,"0.7069431712682162,0.707269488613738,0.0010867803343093923,-0.00020489461742784692",8.78037142753601,squared_sobel
708.9722481402486,0.694372788236021,0.10486486307020242,0.34866991702579964,"0.7068668913429823,0.70734541046618,0.0012851496841802248,-0.0001288636063271239",9.069304704666138,squared_sobel
608.6544635058972,0.6956529175063036,0.10498217691323776,0.3488278660416161,"0.7068403875731417,0.7073716299586508,0.0014294725683313212,-1.5273144352922954e-05",9.313539743423462,squared_sobel
534.6159206721679,0.6962170396858648,0.10507883230783384,0.34872366921045317,"0.7067916452700381,0.7074204962582942,0.0013433794480760145,-8.355716597574858e-05",9.42193341255188,squared_sobel
focus_value,x,y,z,quaternion,timestamp,metric
462.165835264967,0.6977290874386822,0.10522818057583602,0.3488025578392426,"0.7067603692829727,0.7074515226209742,0.0014564884478641864,-4.683655142613262e-05",0.0,squared_sobel
411.80317602964055,0.6985752321986946,0.10529993772780935,0.3488803264806157,"0.7067505006511028,0.7074612032790607,0.0015412712564909707,-1.2933409377602631e-05",0.16168856620788574,squared_sobel
369.53761861773705,0.69951591120286,0.1054014931394404,0.34886295281370827,"0.7067062435220053,0.7075054443762859,0.001526831527930701,-1.817734059769463e-05",0.3546106815338135,squared_sobel
336.3975577103003,0.7004428964636892,0.10542640810551128,0.34892930589423987,"0.706717583602264,0.7074939961152865,0.0015819121443902393,-6.493649374996606e-06",0.5336489677429199,squared_sobel
307.39044037050985,0.701841382828549,0.10536539886603408,0.3489250799565817,"0.7067759363393907,0.7074356752885229,0.0015936889131344975,3.600412683018758e-05",0.6923081874847412,squared_sobel
286.1920018454429,0.7020036903069417,0.10541678518492027,0.34890946078894125,"0.7067372894753134,0.707474381273431,0.001550321896156978,-2.980149611442401e-06",1.0148377418518066,squared_sobel
272.25187447064445,0.7020225848093723,0.10541852321397263,0.34888895585402707,"0.7067474321194366,0.707464232078988,0.0015579758369194503,-1.525652861550671e-05",1.2915809154510498,squared_sobel
265.69876271362466,0.701946485939253,0.10541117870455634,0.34888255097991305,"0.7067310729673099,0.7074806075469393,0.0015428336849518454,-1.0569268199922838e-05",1.4506573677062988,squared_sobel
258.01620278205525,0.6940747224658738,0.1045015446029711,0.3484951248317666,"0.7069171727502812,0.7072954479403989,0.0011031912670901155,-0.0002077560294823766",1.6798794269561768,squared_sobel
356.92559817539757,0.6820331949954698,0.10306267872850076,0.3477131809072267,"0.7073159878607773,0.7068972533583174,0.0002366321213059633,-0.0005572398393388289",1.8962411880493164,squared_sobel
516.4226564515708,0.6803348361099772,0.10272222427938651,0.34756955853358157,"0.7074295153779487,0.7067836219062751,9.957884067279394e-05,-0.0006185961708163463",2.0412912368774414,squared_sobel
651.5472863581322,0.6803345906990016,0.10286880498970877,0.3475862861917971,"0.7073650778767089,0.7068481252415715,0.00012001447114335222,-0.0006000328991119108",2.338514804840088,squared_sobel
712.0838523381251,0.6803207280790656,0.10280392681212427,0.3476033116826319,"0.7073954271029557,0.7068177542348558,0.00012480243463053642,-0.0005970230935398852",2.4845974445343018,squared_sobel
747.7913407089293,0.6803286937038174,0.1028418280513432,0.34762205210439745,"0.7073670894576305,0.706846112045221,0.0001438972064772087,-0.0005949221709959621",2.7979624271392822,squared_sobel
766.3481649601332,0.6803391898265029,0.10284299025199002,0.34762970299528756,"0.7073678672312507,0.7068453415307713,0.00015397766211498374,-0.0005829715589657982",2.958536148071289,squared_sobel
775.9276388517554,0.6803236388232174,0.10285604389825889,0.34759672237061096,"0.7073675657591962,0.7068456455501663,0.00011052585717436736,-0.0005899683999602704",3.1215078830718994,squared_sobel
777.5364553623849,0.6803365296656283,0.10284724794025536,0.3475984313588387,"0.7073700832111128,0.7068431069737315,0.00012761299512397,-0.0006092754293175233",3.2880709171295166,squared_sobel
778.210010449679,0.6803387269317878,0.10284582584918324,0.34760605928495514,"0.7073565252415085,0.7068566925271076,0.00013308800869870556,-0.0005871247561182101",3.558020830154419,squared_sobel
667.0835715538005,0.6811574812393019,0.1031148216512354,0.34810454729323453,"0.7072719600942015,0.7069412027813426,0.0006120040206089123,-0.00036840962763134055",3.723947525024414,squared_sobel
672.97707776188,0.6822216026953011,0.10334889645863014,0.3482806210950435,"0.7072281643590401,0.7069848324748133,0.0008365227495469079,-0.0002653631327535698",3.9181811809539795,squared_sobel
715.5028499177649,0.6831940671802057,0.10351261478256078,0.34815989818483006,"0.7071635797878086,0.707049546505574,0.0007124466966115537,-0.00032035551877692396",4.1174023151397705,squared_sobel
734.9704175106253,0.6840565208661429,0.10360626240430668,0.3480886021348225,"0.7071654246094463,0.7070476903260356,0.0007269225174525497,-0.00031213012289272815",4.2812464237213135,squared_sobel
733.1392747457487,0.6848195406057943,0.10364346368043827,0.3481273246413482,"0.7071778358262196,0.7070352896147594,0.0007190987225385749,-0.0003010856107401695",4.435020446777344,squared_sobel
816.6696752860264,0.685978075553778,0.10381695158914893,0.3480979142226916,"0.7071533973465606,0.7070596957654869,0.0007395608065057242,-0.0003351045332545986",4.647870779037476,squared_sobel
937.6945229097291,0.6870449304425665,0.1040036812847296,0.34823962852354995,"0.7071194450099534,0.7070935335760743,0.0008701834403631149,-0.0002608534004079399",4.855445146560669,squared_sobel
1033.2042619638464,0.6882119325536855,0.10413239482646754,0.34829969736447186,"0.7070732935042867,0.7071396183252545,0.0009278215837987133,-0.00023865230519791873",5.080681324005127,squared_sobel
1054.8732522099317,0.6894478760920597,0.10426059433687515,0.34845335011489686,"0.7070567965206781,0.7071559238169299,0.0010734772785542309,-0.00018316952057259982",5.320355415344238,squared_sobel
1101.9801070858857,0.6900899545567108,0.10434577951843256,0.3485196826996477,"0.7070326857804135,0.7071799375009654,0.0011371481055773946,-0.00015533335762975454",5.435417413711548,squared_sobel
996.1816742091199,0.691582278478093,0.10457280196611607,0.34843641196894315,"0.7069698866442284,0.7072427853924355,0.0010889469439636498,-0.0001899556514348338",5.71683669090271,squared_sobel
918.899211692039,0.6922823232640144,0.10468234974478094,0.34841241326318617,"0.7069234775594394,0.7072891777684972,0.0010812023653941033,-0.00021653701070937037",5.854616165161133,squared_sobel
828.8260913182721,0.6930698604177478,0.1047936716852459,0.3483779215588142,"0.7068910442039864,0.7073215877291262,0.0010791636733745742,-0.00024199651220532014",6.012378215789795,squared_sobel
734.5022738844091,0.6940645535988644,0.1050100471975352,0.3485298763249496,"0.7068128055509911,0.7073995498236852,0.0012288546473433945,-0.00015727250258523335",6.221672534942627,squared_sobel
638.0034335500204,0.6948869482724878,0.10493439877284992,0.34864546879317476,"0.706871924120826,0.7073403704231924,0.0012937321606397972,-9.755203166047058e-05",6.367429733276367,squared_sobel
533.0761694181226,0.6963325521782159,0.10505258481087866,0.34859603045473175,"0.7068461216073446,0.7073662035273213,0.0012650607282075706,-0.00011873227602814209",6.636887788772583,squared_sobel
focus_value,x,y,z,quaternion,timestamp,metric
456.2591411537814,0.698055501725677,0.10525522320575512,0.34864831138800134,"0.7067730421785395,0.7074390606288803,0.0013538121771137104,-9.766682633789894e-05",0.0,squared_sobel
396.24130349541156,0.6990613454241549,0.1054277988855193,0.34867816239946714,"0.706708748610814,0.7075032215223869,0.0013898418577571905,-6.717136409137535e-05",0.19742870330810547,squared_sobel
352.08735016615464,0.699942189594197,0.10552055657689999,0.34874346872014117,"0.7066991574962286,0.707512659456904,0.001460959959224253,-5.566270854965696e-05",0.3769514560699463,squared_sobel
307.84074371962686,0.7016082651935376,0.10561970373879905,0.34875280904585637,"0.7066875572378527,0.7075242626810849,0.0014537908423076337,-2.559239440831153e-05",0.6971209049224854,squared_sobel
279.05628834214934,0.7024654916216324,0.10553710334589957,0.3487775292280025,"0.7067052137703388,0.7075066139002568,0.0014599677911558777,-2.472370553735291e-05",0.8777594566345215,squared_sobel
264.5684915253414,0.7024880230182086,0.10560476520519621,0.34873250005769096,"0.7066800845380251,0.7075317802748634,0.00142710548832512,-3.726039755569251e-05",1.0874807834625244,squared_sobel
256.89409532602826,0.7024927834734666,0.10560951231383897,0.3486881199246144,"0.7066798388926693,0.7075320973982798,0.0013910493492421021,-3.788838787854628e-05",1.2855703830718994,squared_sobel
254.86199484873288,0.7024941713578,0.10561167641105475,0.34874628731941776,"0.7066886082609686,0.707523198998061,0.0014606986458648328,-1.3899327211876448e-05",1.4432082176208496,squared_sobel
252.4411117673897,0.69745813676544,0.10501482629979084,0.34857931059648517,"0.7068035255579921,0.7074088140701419,0.0012356124391745564,-0.00013891208938950617",1.6833100318908691,squared_sobel
260.61706477334894,0.6859056078291879,0.10352784555049287,0.34792992600272926,"0.7072062724974602,0.7070069586342969,0.00048662411510498344,-0.00046019550243905916",1.8632850646972656,squared_sobel
394.677543293689,0.6804039256552095,0.10273054174448147,0.34762075869801223,"0.7074020231560769,0.7068111527587668,0.00012139073382748252,-0.0005976912265343055",2.0527758598327637,squared_sobel
569.8498105154014,0.6803529138188386,0.10279515342200907,0.34755374894189506,"0.7074000838831733,0.7068130840673092,9.281206903473351e-05,-0.0006139212147670826",2.20933198928833,squared_sobel
674.6392816510102,0.6803282797564653,0.10284756027341596,0.34759527992520695,"0.7073628712095928,0.7068503367072317,0.00011637108485046921,-0.0005969830523018227",2.4178640842437744,squared_sobel
727.8700833018465,0.6803410728393678,0.1028695347047126,0.34763861148581654,"0.7073720041204027,0.7068412132280971,0.00015834905748486096,-0.0005674455859206614",2.6929867267608643,squared_sobel
755.3467519680511,0.6803281587763629,0.10284609741799643,0.3476312129780979,"0.7073587053226155,0.7068545220860261,0.0001387095157425777,-0.0005721630181093142",2.8438024520874023,squared_sobel
765.3634832061213,0.680326010018195,0.10285456852893936,0.3476399188688445,"0.7073592019686598,0.7068540064987375,0.00016041950543927385,-0.0005891965086866653",3.0481934547424316,squared_sobel
775.8172608351101,0.6803270981718281,0.10284388590584312,0.3476037373784241,"0.7073504064235566,0.7068628252807833,0.00010669414678872098,-0.0005808483945352382",3.3803353309631348,squared_sobel
652.3245697434004,0.6805293697474486,0.10288996298720315,0.3477111073717102,"0.7073612727842183,0.7068519471742051,0.00024791519184377787,-0.0005413678814499696",3.638871669769287,squared_sobel
679.5707138815294,0.6818121135324644,0.1032694942938816,0.3482159693375665,"0.7072379601881363,0.706975139581846,0.0007207514057923898,-0.00031654314772502017",3.891782522201538,squared_sobel
638.8927745263522,0.682807521654888,0.10340083023922839,0.3481378929143204,"0.7072154754704024,0.7069976424752478,0.0006980476616668589,-0.00034281055483802674",4.082683563232422,squared_sobel
682.5702415019819,0.6836451571544888,0.10362087958963415,0.3480717450680429,"0.7071592687136236,0.7070538692650491,0.0006790352188042249,-0.0003654324939985442",4.251378297805786,squared_sobel
727.1034068286424,0.6846045387408125,0.1037022534838902,0.3480388049716797,"0.7071617898214326,0.707051374263448,0.0006551552398003316,-0.000357687474541863",4.43895959854126,squared_sobel
725.0144511613045,0.6857740060140658,0.10385520710789858,0.3480613445509946,"0.7071319937863143,0.7070811252326211,0.0007058275715884423,-0.00035708682640345435",4.658851146697998,squared_sobel
836.6724065403681,0.6867900004395407,0.10401882377555247,0.34812948064189164,"0.7070916617804912,0.7071213901262474,0.0007890359116719421,-0.0003144658281315444",4.840439081192017,squared_sobel
1016.1114761926442,0.6882871248682668,0.1042362075433001,0.34836031064514744,"0.7070432051826667,0.7071696291352929,0.000990500078504948,-0.00020135359043396909",5.135114908218384,squared_sobel
1042.895882213419,0.6892306613287696,0.10430843086840222,0.3485835994647422,"0.7070399885895952,0.7071725599547977,0.0011876668494039417,-0.0001201235113992671",5.320143461227417,squared_sobel
992.4879615851937,0.6901691921431603,0.10443881164125654,0.3486538131832465,"0.7070203673470159,0.707192030093722,0.0012759456444036243,-6.849177680740794e-05",5.480175018310547,squared_sobel
1004.8544602484283,0.6911977095717965,0.10457270068515226,0.34856218755416457,"0.7069880928601108,0.7072244241935799,0.0012010581701173664,-8.852883535478196e-05",5.688058376312256,squared_sobel
905.5797995769483,0.6922195561807616,0.10472866029969014,0.348543649875969,"0.7069490029314407,0.7072634932442515,0.0012047649200145406,-8.318454209955689e-05",5.8832480907440186,squared_sobel
771.2155148787554,0.6933578674933275,0.10482837500230348,0.34847980415382573,"0.7069092076871418,0.7073033660235708,0.0011443549661064552,-0.00010464499769816829",6.083329916000366,squared_sobel
656.2558196126677,0.6945779628751816,0.10488801619755314,0.3486499805438491,"0.7069002871127738,0.707312009071053,0.0013049898236803096,-5.3900917516272684e-05",6.296638011932373,squared_sobel
559.154452600292,0.6958633347962653,0.10506944307326388,0.34876704092346983,"0.706874981351104,0.7073370714842007,0.001424076704614147,7.040636046294766e-06",6.538373231887817,squared_sobel
494.3902276589688,0.6968055472286598,0.10519110145592724,0.34874789584606153,"0.706823580495284,0.7073883828012084,0.0014493721266590192,3.541406714827735e-05",6.720231294631958,squared_sobel
focus_value,x,y,z,quaternion,timestamp,metric
416.9906826421694,0.6980739874078591,0.10518516778675177,0.34878618750533397,"0.7068319675372388,0.707380017283224,0.001442180772147749,3.0503151967437866e-05",0.0,squared_sobel
363.26275103743336,0.6995946444060556,0.10522021439685438,0.3487662620167489,"0.7068648638591238,0.707347058904554,0.0014831086034899838,5.3752863058659136e-05",0.27006101608276367,squared_sobel
331.91302798691055,0.7005575547153902,0.10534897052205176,0.34883688797089013,"0.7068119210564761,0.707399840652488,0.0015392643642078868,6.604926796115156e-05",0.47565674781799316,squared_sobel
302.4541259532282,0.7013740336478148,0.10541963370193552,0.3488350145525047,"0.7067970493435158,0.7074147421095716,0.0015194870489323722,6.960212739174775e-05",0.6325359344482422,squared_sobel
272.5171204149179,0.7024367650677114,0.10539384114035981,0.3489743613795623,"0.7068117922502747,0.7073997581064306,0.0016312090783257949,0.00010827677967454166",0.8354620933532715,squared_sobel
262.1186400738002,0.7024488278037185,0.10540877196004064,0.3488711453301152,"0.70679396007445,0.7074177750190285,0.0015442715232724495,6.938924005215336e-05",1.043182611465454,squared_sobel
257.1442728130244,0.7024650121009224,0.10540190310951346,0.34887398754398974,"0.7068134872748105,0.7073982020553647,0.0015713201963550416,9.427671614566694e-05",1.3232166767120361,squared_sobel
254.9573800188184,0.7024603782433013,0.10544124261690702,0.3488528158559512,"0.7067892086301298,0.7074224966223934,0.0015558028234258013,7.289793631384322e-05",1.5309996604919434,squared_sobel
269.74096644880325,0.6990675758747936,0.10511695214999674,0.3486728069550584,"0.7068327262214444,0.7073794412767886,0.0013502100855615682,-1.157686109591038e-05",1.7259104251861572,squared_sobel
304.6619915924722,0.6849517971742353,0.10340125306289422,0.3478740336319931,"0.7072391617566346,0.7069741103613786,0.0003950259647296477,-0.0004683065207181003",1.958068609237671,squared_sobel
534.9367563818021,0.6803523726974761,0.10273128996741224,0.3475360111899165,"0.7074072426230343,0.7068059095018006,7.096751925802689e-05,-0.0006279660971053517",2.193532705307007,squared_sobel
634.2524652928075,0.6803394034536208,0.10284890612899472,0.34754664152500303,"0.7073657532237508,0.7068474483924609,7.71991214154122e-05,-0.0006082002619059276",2.3636584281921387,squared_sobel
704.5978975627224,0.6803214815815675,0.10289393211509011,0.34756975783015975,"0.7073381651220317,0.7068750360260524,0.00010273191719125368,-0.0006269378899502828",2.5558414459228516,squared_sobel
740.4182930731308,0.6803220125283725,0.10284401903010518,0.34762685557821327,"0.7073606182756823,0.7068525943024354,0.0001456141448170649,-0.0005868876229432031",2.7971439361572266,squared_sobel
757.1089053751384,0.6803206178675503,0.10287809292231406,0.34762632175683983,"0.7073449862154673,0.7068682298433142,0.00013978201349762757,-0.0005971390194980121",2.9637646675109863,squared_sobel
768.2699125967997,0.6803237739159819,0.10284034605990792,0.34761278199957607,"0.7073605079756841,0.7068527040368235,0.00012977857334489453,-0.0005913626087049522",3.189194917678833,squared_sobel
777.403312735631,0.6803235925653419,0.10286310578969374,0.34761263855434865,"0.707351594974803,0.7068616220932948,0.0001278600506450251,-0.0005932537785125168",3.413924217224121,squared_sobel
779.8173774410893,0.6803261306785428,0.10285813755593393,0.34760630111901636,"0.707369570509421,0.7068436391902114,0.00011279265116331314,-0.0005896876065267596",3.608572006225586,squared_sobel
679.1871443027426,0.6809629913488363,0.10302271171022304,0.34792308609880307,"0.7073193576246433,0.7068938565681475,0.0004520706508666082,-0.00044441849635399173",3.7950704097747803,squared_sobel
704.322553735574,0.682038995820957,0.10327936763813109,0.3482331960731978,"0.707240510851696,0.7069725641485978,0.0007469396266560639,-0.00030892164522750725",4.00423264503479,squared_sobel
674.2226595742602,0.683493867145151,0.10358188596153385,0.34802509882847743,"0.7071720192034806,0.7070411453343042,0.0006515483348628516,-0.0003599233179229712",4.278605699539185,squared_sobel
708.7759452264959,0.6842862411070573,0.10363588609767405,0.3480324489272837,"0.7071823036468121,0.7070308709031417,0.0006635526209810218,-0.0003109608532796022",4.443415880203247,squared_sobel
615.6441423385537,0.6853067920643539,0.10374646270101724,0.34795438869795325,"0.7071813189584557,0.7070318766736563,0.0006081649021739139,-0.0003709702932019883",4.643089294433594,squared_sobel
782.332747157581,0.6865315393131015,0.10392861990904216,0.34799028609236504,"0.7071344547854377,0.707078707376143,0.0006746653359010479,-0.0003305408737086201",4.873035192489624,squared_sobel
853.8910461612801,0.6878010139140612,0.10411323400700573,0.3481068411480489,"0.7070873003788025,0.707125808830592,0.0007448005286247309,-0.00029223427384180914",5.112725496292114,squared_sobel
885.3541700753453,0.688826748523464,0.10421298664382916,0.3482484083715117,"0.7070824356932839,0.7071305002041286,0.0009145124147661903,-0.00022018663681916262",5.29089617729187,squared_sobel
903.1730089300556,0.6897580138433819,0.10436358464897415,0.34832607407402283,"0.707046555953073,0.707166305330831,0.0009701611556015767,-0.0002076221862876878",5.4725775718688965,squared_sobel
715.0474796855051,0.6907016503685777,0.10446386285062685,0.3482902817736301,"0.7070126451424255,0.7072001925199463,0.0009907181762720155,-0.00016058006389087435",5.632678508758545,squared_sobel
805.7704159919372,0.6919720272540897,0.10463490724731783,0.34826748423234366,"0.7069784613407094,0.7072343905965037,0.0009688646576131792,-0.00018237102372255343",5.890721559524536,squared_sobel
779.9156823351639,0.6927181360901544,0.10477299220539049,0.34817109551369185,"0.7069291062767341,0.7072838086649215,0.00088949910071544,-0.00024797292338883887",6.047903776168823,squared_sobel
738.4499131179273,0.6933255001811073,0.10482664840182185,0.3481877727014271,"0.7069020958330989,0.7073107709045593,0.0009215350694803751,-0.00022592539891633486",6.163106679916382,squared_sobel
675.9470596629055,0.6943665720732994,0.1049621293867578,0.348347854484657,"0.7068464501810174,0.707366230382666,0.0010380844276462573,-0.00018536837023502666",6.3673765659332275,squared_sobel
593.7800939209587,0.6954346779914776,0.10506448065587852,0.3484474447395658,"0.7068245039672083,0.7073880400198244,0.0011232023618783064,-0.00014087184112228376",6.56662130355835,squared_sobel
524.9444006643848,0.6964181105409548,0.10525276940248873,0.3483847052731623,"0.706746144456114,0.7074663847433742,0.0010839844663822562,-0.0001634999523652261",6.7574639320373535,squared_sobel
focus_value,x,y,z,quaternion,timestamp,metric
442.253741952559,0.6975982577240321,0.10524091123822832,0.3484844867095035,"0.7067567264890966,0.7074556658556401,0.0011805864321339395,-0.00012894512610140703",0.0,squared_sobel
396.3197452035801,0.6987796857427172,0.10529827525794881,0.3486741774054985,"0.706776882414208,0.7074351458914572,0.0013972688157210553,-2.196001247823349e-05",0.206085205078125,squared_sobel
355.51918846722543,0.6998140811164626,0.10544088755382774,0.3486137019751475,"0.7067283712617644,0.7074837593305588,0.0013175156403643247,-6.074315504380789e-05",0.4127981662750244,squared_sobel
323.8774672164651,0.7006881257462109,0.10557085406126088,0.3485462977294671,"0.7066821565993645,0.7075299514105773,0.0012987977095452036,-0.00010259399067250732",0.592573881149292,squared_sobel
284.8625641849688,0.702166482460155,0.10553511506852913,0.34860012392359996,"0.7067104910014056,0.7075015987076251,0.001328295200947769,-7.325684948761448e-05",0.8856542110443115,squared_sobel
269.35504825805583,0.7021692467930379,0.10559606095578529,0.3485724625257395,"0.7066703689209777,0.7075417410185143,0.001290455762000012,-9.55484447888596e-05",1.0519075393676758,squared_sobel
261.90574865956785,0.7021815318032287,0.10559476994084531,0.34855505819306765,"0.7066769630462209,0.7075351763658025,0.001279112620747923,-8.930669866972651e-05",1.2785542011260986,squared_sobel
259.3000704403033,0.7021838593944266,0.10561687377066473,0.3485706095506231,"0.7066773842703356,0.7075346832740363,0.001318677528945247,-8.726236427158633e-05",1.481482982635498,squared_sobel
268.01199749887235,0.7005947430704127,0.10548809030863923,0.34847501255772606,"0.706659090905113,0.7075532166562445,0.0011620897663039242,-0.00015616637232538505",1.7257556915283203,squared_sobel
273.4536100046401,0.6878996861905636,0.1038558392978965,0.34802084679107353,"0.7070959202896302,0.707117269414612,0.0006054062603492312,-0.0004003606424809988",1.955183982849121,squared_sobel
377.06556495797753,0.6809710578072758,0.10286658430088776,0.3476906542393542,"0.7073551341119833,0.7068581028180843,0.00018991005089597448,-0.0005483247298645296",2.1261980533599854,squared_sobel
562.4486490870944,0.6803542418501712,0.10278978153297327,0.3475828606370194,"0.7073998280894286,0.7068133494374943,0.00011996411577098503,-0.0005982345763020743",2.3194968700408936,squared_sobel
667.5894180095722,0.6803315064261787,0.10286556343666663,0.3476063656213406,"0.7073655658913417,0.706847651551891,0.00013445841578030597,-0.0005793166083712109",2.5198922157287598,squared_sobel
721.8521928499931,0.6803345215485588,0.10286861263049198,0.347608595301919,"0.7073639429558686,0.7068492743103687,0.00014681865800656417,-0.0005779767412931034",2.6976306438446045,squared_sobel
756.2231679340198,0.6803408689078713,0.10285008376184163,0.34763200742719863,"0.7073677604247225,0.7068454476106572,0.00016408435621871858,-0.0005811885461216454",2.936784267425537,squared_sobel
768.4416875409379,0.6803322559954867,0.10286259037841726,0.3475987150426354,"0.7073425918426332,0.7068706355756067,0.00013412550105895563,-0.0005868020398758865",3.079951763153076,squared_sobel
777.7133510968144,0.6803248608742022,0.10288907011047184,0.34757895560799656,"0.7073323630288522,0.7068808326309697,0.00013369883925628138,-0.0006315026424726979",3.367281198501587,squared_sobel
778.3536581345833,0.6803293861720418,0.10285504971771443,0.34758238847196277,"0.707358569758537,0.7068546406231202,9.468564627432199e-05,-0.0006015424715606107",3.614363670349121,squared_sobel
670.5155464051838,0.6809159457699512,0.10301232167264518,0.34802258695613575,"0.707308192980399,0.7069050006211082,0.0005172137993810265,-0.0004156074582793701",3.8337104320526123,squared_sobel
727.3921686895172,0.6821291297256643,0.10330288992577612,0.34832076791908395,"0.7072377819691266,0.7069752216687817,0.0008286410149100156,-0.0002627847703245755",4.080606460571289,squared_sobel
690.9065000728814,0.6831396553710948,0.10356399200137593,0.34822616655559313,"0.7071579056312361,0.7070551357127248,0.0008090011810090017,-0.0002776375214386796",4.2818098068237305,squared_sobel
716.5588173901149,0.6842345868675114,0.10363729697042902,0.3480788076509324,"0.7071597589601266,0.7070533896730054,0.0006859461470070246,-0.00033005643819042455",4.493932485580444,squared_sobel
688.8114500973506,0.684371488598273,0.1036514898551916,0.34811201246091605,"0.7071618985060812,0.7070512342612095,0.0007103446750813954,-0.0003111935369582974",4.516387224197388,squared_sobel
597.0944606958899,0.6847462927301524,0.10367567414061471,0.3481343135929049,"0.7071719059400658,0.7070411877155235,0.0007489863730746456,-0.00030551976948866314",4.583759784698486,squared_sobel
616.9683083022724,0.6849312954360242,0.10372815985050249,0.3481172997373182,"0.7071464177619788,0.7070666905796046,0.0007352763028409823,-0.0003135091147690854",4.623698472976685,squared_sobel
631.6361650674385,0.6850385028098099,0.10376749578695336,0.3481066193048975,"0.7071261575985246,0.7070869650762366,0.0007221032839999683,-0.0003156359780678576",4.647549867630005,squared_sobel
721.2495323666485,0.6851877372945899,0.10379461785788965,0.3480905496835395,"0.7071235887836449,0.7070895493571223,0.0007090955629935796,-0.0003107397028899006",4.6765289306640625,squared_sobel
793.9463151564158,0.6856017711382405,0.10382700513384853,0.34808248230385697,"0.7071329969724288,0.7070801193991257,0.0007263707505940866,-0.00031894959155839695",4.756920337677002,squared_sobel
791.2534280223989,0.687091688558463,0.10401677768943748,0.3482523760486538,"0.7071030826403416,0.7071098731367753,0.0008932542800532978,-0.00024480565964311266",5.041299819946289,squared_sobel
1012.3823115320322,0.6879864315172368,0.10414252048614618,0.34824957937713896,"0.7070757559992109,0.7071371603356884,0.000925488903347402,-0.00023499109107061287",5.21750283241272,squared_sobel
867.7845479109822,0.6886404119023235,0.104135059452912,0.3483451924599783,"0.7070855976182792,0.7071272284774087,0.0009985029194490831,-0.00020827524881590303",5.326058387756348,squared_sobel
976.967561244002,0.6894518151758864,0.10424786195336054,0.34847428968063604,"0.7070682616412014,0.7071443869339952,0.0011256995483437484,-0.00014902335577101164",5.4861133098602295,squared_sobel
938.5094977602087,0.6903191224695656,0.1043684565364075,0.3484593601076783,"0.7070431435987987,0.7071694889968071,0.0011342925658926483,-0.00014248613366044845",5.646344184875488,squared_sobel
959.734644549598,0.6912406031635828,0.10451885146546278,0.34838866844836425,"0.7069970797290961,0.7072156007242714,0.001092419244795178,-0.00017310959494623208",5.8368003368377686,squared_sobel
861.6408843229945,0.692547705866067,0.10465285062136882,0.3483153208589622,"0.7069581807990715,0.707254563652755,0.001036562605514802,-0.00019578453303153035",6.095996618270874,squared_sobel
778.2582636307573,0.6934880115807766,0.10479412020781748,0.3482953603501676,"0.7068973110733241,0.7073154452157582,0.001003928838890873,-0.00021138454064865172",6.29402232170105,squared_sobel
675.1013047542301,0.6947582475740732,0.10475249462779052,0.3485042517918896,"0.7069677198209566,0.7072448403169439,0.0011704566461226782,-9.490762530037203e-05",6.5366315841674805,squared_sobel
581.4635353137705,0.6958709642277277,0.10490294538793035,0.3486345517233931,"0.7069140131764101,0.7072983435237001,0.001273685858611471,-9.459273567363833e-05",6.759619474411011,squared_sobel
510.32802803506615,0.6967766815252948,0.10492037064980535,0.3485757670116518,"0.7069198188682583,0.7072926039126524,0.0012355337205030067,-0.0001248925721207487",6.918124675750732,squared_sobel
