focus_value,raw_focus_value,x,y,z,quaternion,timestamp,metric
6.150998615635532,5.41608568786585,0.6950998374543079,0.07173295664707503,0.37395229562168314,"0.7050918651912423,0.7088553102358011,0.01735007622760631,0.008281645158868492",0.0,squared_gradient
3.839154306486927,3.175652052759428,0.6960499906126956,0.07187643158665735,0.37387500136158713,"0.7050498189698984,0.7088989839339643,0.01729727210131977,0.00823333017434738",0.19074678421020508,squared_gradient
2.493199936264255,2.1069093220896327,0.6972952691913503,0.07193107326056136,0.37392619532946847,"0.705033813504106,0.7089146236729924,0.017300839321552044,0.008249794979685178",0.447847843170166,squared_gradient
1.564923861535216,1.2985074487920671,0.6988940909942551,0.07200251021502717,0.3739101025548491,"0.7050079212688792,0.7089422622364058,0.01725049525070117,0.008192690453486366",0.6876864433288574,squared_gradient
3.417406760436036,3.9490717058427633,0.6988713386071932,0.07200224359805482,0.37396943855199893,"0.7050029685796917,0.7089455159058938,0.01729864850298937,0.008235686414520662",0.8881216049194336,squared_gradient
3.902454845241788,4.041664261793436,0.6988773207337802,0.07205991740918437,0.3739632645568472,"0.7049656730348548,0.7089826311593485,0.017306495019168984,0.008216677371837641",1.0880935192108154,squared_gradient
4.002318610484014,4.030979637976966,0.6988808793087101,0.07206123572331763,0.37393791593618136,"0.7049656404420099,0.7089832894667679,0.01728307151032793,0.008211972493672264",1.2882299423217773,squared_gradient
4.536049719874079,4.689231226329071,0.6988787836132863,0.07207033150943262,0.37392092502896024,"0.7049651269339287,0.7089840804556271,0.01728064268164466,0.008192853961118978",1.4480512142181396,squared_gradient
4.665392100799433,4.702513528443519,0.6964859560999168,0.07185861371629587,0.3737008912356904,"0.7050306621830411,0.7089253873725333,0.017064820196524347,0.008084085112525483",1.6497092247009277,squared_gradient
3.0091453477825354,2.533800425545851,0.6879869392560398,0.07092885456571082,0.3729680142251912,"0.7053917380687983,0.7085813762797738,0.0165668165640791,0.0077762229053474595",1.8076467514038086,squared_gradient
28751.89805744961,37002.865698244554,0.6808016290495499,0.07004397137875296,0.372157850114951,"0.7057446138457751,0.7082472185990639,0.015978413393757107,0.007423454706921584",2.0335099697113037,squared_gradient
106471.9681744235,128777.72703474332,0.6807653611506926,0.07011744353210453,0.37214811942726456,"0.7057162388259598,0.7082752502188894,0.01598952468091891,0.007422619833235461",2.197997570037842,squared_gradient
134407.71944050738,142425.31554387286,0.6807596287412193,0.07014857918144214,0.37218193721561044,"0.7057233284034095,0.7082670648792974,0.01602598698272885,0.007450925828926517",2.3614275455474854,squared_gradient
139507.47485691903,140971.1111402353,0.6807627137703901,0.07017421688832634,0.37220509629063436,"0.7057022557372354,0.7082875598165866,0.01604551526177642,0.007456560629862291",2.4928340911865234,squared_gradient
146561.0775334542,148585.4704626229,0.6807588458844726,0.07017403212353941,0.3721777692738789,"0.7057010310577235,0.7082898261020314,0.016005196103150283,0.007443836518883867",2.7336111068725586,squared_gradient
147319.95638877194,147537.75558433926,0.6807635463565402,0.07019855399670588,0.37219712547615647,"0.7056753767528104,0.7083143731297512,0.016038249544164968,0.007469003557742564",2.9404876232147217,squared_gradient
149666.4007281275,150339.8332344808,0.6807710904363525,0.07017476710139559,0.37218994437532077,"0.7056989595765655,0.7082909515358745,0.016039789868378587,0.007458657113498025",3.0918002128601074,squared_gradient
149926.87662341743,150001.63353627812,0.6807768978908998,0.07018570791117643,0.372222152435966,"0.7056930759050455,0.7082961268694352,0.01605767130390766,0.007485350608248058",3.3348610401153564,squared_gradient
150533.1325043366,150707.12871235702,0.6807534216818035,0.0701932396734748,0.37223296916090554,"0.7056872030720628,0.708302218933162,0.016061167931939523,0.007454995596929493",3.5492680072784424,squared_gradient
151620.81631272763,151932.98294754577,0.6807619896739215,0.07018865545615152,0.3722339505697315,"0.7056873352409415,0.7083016713784048,0.01607506228052154,0.007464554626674736",3.7898201942443848,squared_gradient
151509.0388668984,151476.95859794164,0.6807742164860492,0.07018279878866159,0.37221939048916886,"0.7056901517929688,0.708298991612804,0.016061897432266898,0.007480881871611026",3.9785873889923096,squared_gradient
152108.92885842125,152281.0980480976,0.6807702372086768,0.07016703035135051,0.372201467983357,"0.7057003655890217,0.7082893024802352,0.016045156177235075,0.0074706735192258105",4.189837455749512,squared_gradient
150649.8800691131,150231.13121298412,0.6807628661964736,0.07020144708129432,0.3721931354569667,"0.7056810604609888,0.7083090239114934,0.016031722898751665,0.007453282035415656",4.341653823852539,squared_gradient
151638.4757433285,151922.20395775515,0.680762217298646,0.07021561817675188,0.3722195587003484,"0.705684687601025,0.7083050003976229,0.01605489087934921,0.00744235016774891",4.549842119216919,squared_gradient
152043.12955139356,152159.26570838652,0.6807710730984181,0.07014395906291601,0.3721960269523512,"0.705720855626669,0.7082693335762299,0.01602882255671347,0.007463370317134696",4.701563596725464,squared_gradient
151401.0589616095,151216.7838866453,0.68077395124688,0.07015522675377014,0.3721974528540272,"0.7057055928655047,0.7082843711632004,0.016041581663558173,0.007452075014902136",4.942342281341553,squared_gradient
150919.33650209988,150781.08154423314,0.6807728354911369,0.07017077746851116,0.37221996170958427,"0.7057044207065635,0.7082851434428606,0.016049086346778044,0.007473486520609714",5.065340518951416,squared_gradient
151167.98337611073,151239.3453448366,0.6807711372340395,0.07019134068137832,0.372200108447277,"0.705695127529849,0.708294462733087,0.0160553439328605,0.007454325823007048",5.288981199264526,squared_gradient
150909.4980295777,150835.31240673902,0.6807658043934951,0.0701565042742241,0.3722004476996182,"0.70571325323261,0.7082768083909102,0.01603618692276083,0.00745705145551855",5.530609130859375,squared_gradient
150829.2469516817,150806.21479037337,0.6807653313522326,0.07018907919448149,0.37218124631193417,"0.7056889866204126,0.7083013498301195,0.016023191341620578,0.007450458423200969",5.710639238357544,squared_gradient
150225.76760053297,150052.56826008402,0.680773660967969,0.07018280222899789,0.3721916468207853,"0.7056850951337409,0.7083046472037493,0.016041826301956837,0.007465458093992939",5.89326548576355,squared_gradient
150599.1884720555,150706.360736582,0.6807651530182113,0.0701687748996706,0.37221239763431824,"0.7057012264856666,0.7082885779656549,0.016048953158220435,0.007449856545041529",6.102078199386597,squared_gradient
151590.47869293555,151874.98024567816,0.6807702037265067,0.07014670498348924,0.37220089697239284,"0.7057075212278913,0.7082822190147179,0.016048921714096647,0.0074582049976828005",6.312682867050171,squared_gradient
150314.40061298106,149948.16458288528,0.680773751562313,0.07016134063646834,0.3722229837610249,"0.7057195704004031,0.708269750744674,0.01606079841894123,0.0074765558978781895",6.469294786453247,squared_gradient
152139.6361430002,152663.48105892245,0.6807585615730336,0.07016424040015469,0.37224312041429164,"0.7057134227052555,0.7082760276424871,0.016058527692111947,0.007467085708226333",6.653526306152344,squared_gradient
152017.9585961111,151983.03698557295,0.6807564804214354,0.07018506054081536,0.37220215739152857,"0.7056883158555982,0.7083019585145572,0.01601939432648689,0.007464277241921878",6.81495213508606,squared_gradient
150341.0151936081,149859.73030667557,0.680763119551096,0.07017715959676514,0.3722121063296925,"0.70569939257679,0.708290026459218,0.016059917422361136,0.007462224034213276",6.969624280929565,squared_gradient
149776.50059522895,149614.48418832629,0.6807599633072257,0.07016546488142622,0.3722411306268181,"0.7056965656401231,0.70829292086432,0.01604677836759789,0.007483074317883864",7.150088787078857,squared_gradient
150806.09546492714,151101.5905005434,0.6807707089410381,0.07015943999067198,0.3722244362435756,"0.7057065727559179,0.7082826964379463,0.01606346474344948,0.007471291462955189",7.3295862674713135,squared_gradient
152026.3189111844,152376.5245904505,0.6807654220712057,0.07017640443215616,0.37218390256120626,"0.7056922118464439,0.7082979764621065,0.016024946268915465,0.007461888235382549",7.538779020309448,squared_gradient
150059.89625247195,149495.53045124852,0.6807623150494121,0.07016758163092915,0.3722411748458835,"0.7056982649768966,0.708290758764572,0.016065053810691118,0.007488251021718309",7.6900763511657715,squared_gradient
150798.07748391817,151009.93643513977,0.6807784012195305,0.0701856892080395,0.37220513785266074,"0.7057030350530648,0.7082865079722643,0.016049751176257603,0.007473582041334679",7.899703502655029,squared_gradient
151204.67497208636,151321.3689677382,0.680762576124225,0.07019321796416161,0.37218905795898816,"0.7056862519335405,0.7083037167951434,0.016034480210180016,0.007460164245266264",8.145050525665283,squared_gradient
149885.16582141235,149506.46501884458,0.6807642644551766,0.07017119799805013,0.3721835603216062,"0.7056967027962888,0.7082938511895888,0.016017076241405415,0.007445622750597217",8.353269338607788,squared_gradient
149978.1064710476,150004.7805555661,0.6807629095411627,0.07017603058225433,0.37221605817347275,"0.7057006972174762,0.708288801180548,0.016046059377409216,0.007484921338701918",8.572792053222656,squared_gradient
151298.20407722003,151677.0737672634,0.6807686592183302,0.0701792868565625,0.372226063034559,"0.7057036879739493,0.7082850833298568,0.01608506687756241,0.007471019738217126",8.750561952590942,squared_gradient
150428.73138951266,150179.19162354944,0.6807624900764957,0.07017693121606286,0.3722352043748024,"0.7057062975777681,0.7082827412083471,0.01607430471339193,0.0074697251254171645",8.931847333908081,squared_gradient
150732.67783815082,150819.9108550481,0.6807573573390664,0.07014540750870887,0.37221324535814093,"0.7057140283539131,0.7082758951656433,0.016038515383619913,0.007465422699920654",9.13974905014038,squared_gradient
151679.31161313952,151950.9967091791,0.6807576562313749,0.07018163802512302,0.3722034962544559,"0.7056851782048923,0.7083046958750978,0.01604145851831491,0.007453768967424439",9.389130353927612,squared_gradient
151677.4679263631,151676.93878591605,0.6807647883651353,0.07017998022695138,0.3722198654867436,"0.7057061360528448,0.7082834204779622,0.016057978551625857,0.007455678254691341",9.540379762649536,squared_gradient
151250.71855456135,151128.2409427054,0.6807654375698464,0.07016338223246918,0.3722027176159858,"0.7057016509756625,0.7082880796331211,0.016050479708829456,0.007453734699205697",9.693181276321411,squared_gradient
151713.49912313605,151846.3177342404,0.6807712014381743,0.0701893780179581,0.37219552087056,"0.7057009743841678,0.7082892262902476,0.016029305098255685,0.007454398196075895",9.933371782302856,squared_gradient
151326.6367070223,151215.6067021218,0.6807640874684894,0.07016722287739063,0.3722005038539387,"0.7056978705236856,0.7082920325843194,0.0160360080665592,0.007467165539759472",10.141201257705688,squared_gradient
150922.0094965526,150805.8809731033,0.6807681592388266,0.07015644763795909,0.3722102528685884,"0.7057052885826577,0.7082843060713333,0.016053287005325212,0.007461864099707137",10.349923372268677,squared_gradient
150985.12077890395,151003.23379711632,0.6807725106680468,0.07019118667226443,0.37223481406245534,"0.7056905838296128,0.7082983544133513,0.01606942881844807,0.007484282664858637",10.533494234085083,squared_gradient
149539.6903273913,149124.84995151052,0.680764353806297,0.07017821457716863,0.37222666500053725,"0.7056979248451007,0.7082913122628661,0.01606313597119218,0.007472048249077922",10.745033264160156,squared_gradient
150603.2747032982,150908.52477037712,0.6807695127776056,0.07015106260302736,0.37221337306390806,"0.7057072038033603,0.7082824427545917,0.016042716689829213,0.007480309274419875",10.893532276153564,squared_gradient
150123.73019265672,149986.10030888204,0.6807682737207901,0.0701730364123076,0.3722066347955107,"0.7057000897532392,0.7082896865811942,0.016041337990009445,0.0074685126011975345",11.070040225982666,squared_gradient
152142.03910148994,152721.29632241512,0.6807721411849399,0.07018062729502836,0.372188057888618,"0.7056970027559022,0.7082930627908491,0.016031166897005945,0.007461849074775574",11.3093740940094,squared_gradient
150757.3967928598,150360.0026912125,0.6807611519478519,0.0701820295890027,0.3721687093179292,"0.7056983596120998,0.7082925738565824,0.016002384412549177,0.0074416902328844296",11.54905390739441,squared_gradient
151294.3570264529,151448.4652956565,0.6807599393078392,0.07016531224596456,0.37220902537547595,"0.7057032387365959,0.7082865990929509,0.01604733256799746,0.0074508723967494864",11.732890129089355,squared_gradient
152503.21252727546,152850.15559175977,0.6807614872702756,0.07015310880123267,0.37219461340052507,"0.7057147998511081,0.7082753730995031,0.016027353512365474,0.00746599432493108",11.890067338943481,squared_gradient
149861.9837475352,149103.9477322929,0.6807672112489558,0.07019899146369472,0.37218582223183916,"0.7056790656460429,0.7083109893525589,0.016026827267012662,0.007465887695424403",12.012703895568848,squared_gradient
150479.43426143908,150656.64334334794,0.6807683613359808,0.07018005715923406,0.37216682384246047,"0.7057013774100062,0.708289390155951,0.01600486222449382,0.007453193899668355",12.222228527069092,squared_gradient
150277.29412370414,150219.2796473723,0.6807707784051109,0.07016220613060928,0.3721913353917703,"0.7057069002779125,0.7082833745191561,0.016018644062690705,0.0074723036802674305",12.425193786621094,squared_gradient
150389.7206930695,150421.98726130577,0.6807686029129173,0.07018599584623655,0.3721608815830604,"0.7056966128518872,0.7082940242842243,0.016015149023478364,0.007441826011686107",12.573670625686646,squared_gradient
150536.9709734203,150579.23199094995,0.6807649936905286,0.07017169103270808,0.37217370591654453,"0.7056865562995599,0.7083041452337355,0.01600993068634818,0.007443401251700463",12.750735759735107,squared_gradient
151252.3901558605,151457.71637010016,0.6807639030236354,0.07018380980574673,0.37221000092288226,"0.7056971180102383,0.7082923194139287,0.01604900048711413,0.007483146039295614",12.99030065536499,squared_gradient
151946.41324892224,152145.59875832836,0.6807653861788551,0.07018126261475222,0.3721884246002405,"0.7056992095343149,0.7082910257865354,0.016022894606756138,0.0074642683044866",13.140769004821777,squared_gradient
151795.54745227456,151752.2487769745,0.6807579475312183,0.07019188746909136,0.37221553685247166,"0.7056963221454982,0.7082934015239866,0.01605124309377631,0.007450896794514504",13.296375274658203,squared_gradient
150528.05085604417,150164.27772267925,0.6807576607507819,0.07019232244707797,0.3722090190406156,"0.7056906992812091,0.7082992218851509,0.016040866059229848,0.007452505683170485",13.512927293777466,squared_gradient
152536.270368181,153112.63191943662,0.6807783452238945,0.0701590554735766,0.3721927224508823,"0.7057039908065835,0.7082860190085768,0.01603448764311379,0.007462428737783645",13.700442552566528,squared_gradient
152395.5739906998,152355.1939516199,0.6807770761327435,0.07016529867361285,0.3722525788245552,"0.7057025337258104,0.7082859723950327,0.016085852013208026,0.007494035388473213",13.910982370376587,squared_gradient
150795.03097588004,150335.67309727278,0.6807625047395147,0.07016623519535256,0.3721881715454206,"0.7056984587840206,0.7082914905460624,0.01602938139042349,0.00747720684048228",14.102003335952759,squared_gradient
151705.38448157476,151966.65709423594,0.680778494022483,0.07020251403238464,0.3722153316503094,"0.7056811353341654,0.7083082782663943,0.016049514654146675,0.007478719953683583",14.253708362579346,squared_gradient
151848.04616761615,151888.9902527496,0.6807723317027099,0.0701645947511214,0.3722039708738125,"0.7057057780398063,0.7082840120647542,0.0160380598773015,0.0074762109426595",14.371850728988647,squared_gradient
151455.78356997133,151343.20370611097,0.6807697323169727,0.07017278858080145,0.3722116709721092,"0.70570448508639,0.7082853337131502,0.016039698882171712,0.007469527131885178",14.58347463607788,squared_gradient
150828.74994580992,150648.79049908262,0.6807628401327797,0.07017576252825117,0.3722110875636613,"0.7057014133255685,0.7082883959803742,0.016048981819655087,0.007449398123089605",14.7333664894104,squared_gradient
151678.0804574241,151921.83939325964,0.6807535470002188,0.07018460271756252,0.37221185021101133,"0.7056995224490069,0.7082902598506172,0.016049642490652716,0.007449885362261568",14.910197019577026,squared_gradient
151910.36023282725,151977.02482345968,0.6807702416679705,0.07017740261954669,0.37220066986474865,"0.705702284295761,0.708287411472846,0.016039249348649868,0.007481388184825113",15.09483528137207,squared_gradient
151483.83729241032,151361.4246666495,0.6807661970854987,0.07017382140979553,0.37220446069970986,"0.7056860088272292,0.7083036167052799,0.01604662502697353,0.007466547593062084",15.275991439819336,squared_gradient
151106.74556918442,150998.51976555557,0.680772035837476,0.07015968990913657,0.3721840108858286,"0.7057103012811753,0.7082796562138672,0.016039248496440082,0.007459340913810639",15.43016242980957,squared_gradient
150642.7095117442,150509.53057374049,0.6807570522492986,0.07018536842702226,0.3722112043433642,"0.7056914288836442,0.7082982882207687,0.01605399597830205,0.007443877807858037",15.653200387954712,squared_gradient
150807.32961411157,150854.57579262686,0.6807632259963461,0.07015904980253829,0.3722336324194362,"0.7056960246322925,0.7082932934268833,0.016058314964110986,0.007474076878874334",15.89332628250122,squared_gradient
150842.53917592275,150852.64436489332,0.6807600320085434,0.07019629870911048,0.37221041046628295,"0.7056859213873717,0.7083036998224789,0.01605062661193471,0.0074583214470908335",16.01260495185852,squared_gradient
150554.20677756125,150471.45501292968,0.6807608043669742,0.0701553530201553,0.37218669107435476,"0.705708552691904,0.7082816951357751,0.01603832425403128,0.007433111610459551",16.223493099212646,squared_gradient
151007.23886885485,151137.2596545949,0.6807619054935867,0.07016064575256103,0.3721995882788259,"0.7057031696480763,0.7082868924695295,0.0160297113384219,0.007467439917568489",16.37303614616394,squared_gradient
150657.58171500737,150557.22966764343,0.6807703082896577,0.07016580032625419,0.3722188623543904,"0.7057111161094723,0.7082784968746415,0.01604404514458472,0.007481983688828261",16.58151936531067,squared_gradient
151247.5955473464,151416.93026679018,0.6807652093356592,0.07016080371059877,0.37220744413265383,"0.7057105640658138,0.7082794799149604,0.016033675417311738,0.007463199710340532",16.733280658721924,squared_gradient
152046.43488160422,152275.70278539372,0.6807516362944513,0.07019591061025966,0.372211190882687,"0.7056852060608556,0.7083046094432481,0.016037163152534416,0.007468573244902775",16.97336506843567,squared_gradient
152497.3460534665,152626.7581326353,0.6807670595385406,0.07018042630858709,0.3722068290155809,"0.7056957570110457,0.7082938413966037,0.016040824245759328,0.007484967185406352",17.185064792633057,squared_gradient
151234.04703035293,150871.47860580523,0.6807634034417758,0.07018010172546413,0.3722100524027797,"0.7056967277017049,0.7082930577930092,0.01604054488257731,0.007468180046375373",17.333702087402344,squared_gradient
150251.28307380684,149969.22856976,0.6807654140749587,0.07016861008801809,0.3722151572328302,"0.7056961538115205,0.7082937289094355,0.016039697360482583,0.00746057583421261",17.495325565338135,squared_gradient
150212.94089696973,150201.93664350698,0.6807683345166221,0.07018296357656212,0.3721997701668248,"0.7057024322125659,0.7082875963029426,0.016035100078638998,0.007458797365313332",17.71042537689209,squared_gradient
151724.57352954883,152158.4140154999,0.6807664491868336,0.07018220237085593,0.37220323387676046,"0.7056977085329615,0.7082918840887675,0.016047206551420005,0.00747250073317616",17.860548496246338,squared_gradient
151684.13249439595,151672.5258659302,0.6807660739149881,0.07017004482918429,0.3722165826109549,"0.7057025529175236,0.7082868617415228,0.01605352278511132,0.0074774792692895165",17.893096208572388,squared_gradient
149330.99539966937,148655.64206402202,0.6807619596672653,0.07017909400984863,0.3722138154845651,"0.7057042450658557,0.7082853992658343,0.01604664245406407,0.007471074140961191",17.950143098831177,squared_gradient
151308.91455139633,151876.5798607203,0.6807662905605262,0.07020274649476152,0.3721910000858668,"0.7056993303461346,0.7082907199105224,0.016032161009390943,0.007461973667879333",17.982421398162842,squared_gradient
151835.4700837758,151986.5921905128,0.6807731705021178,0.07020979736547144,0.3721985714745142,"0.7056850267164378,0.7083049097945873,0.016033828326561722,0.007464193077369434",18.013097286224365,squared_gradient
150853.05687141727,150571.1030313978,0.6807797460581309,0.07017856440877396,0.3721808025114649,"0.7056980767276684,0.7082917250563603,0.016042896694760122,0.007462049664571517",18.22230339050293,squared_gradient
152057.06721303583,152402.61971067323,0.6807773023664424,0.07016686885863177,0.3721906164734058,"0.7057042540348939,0.7082855691863391,0.01604548608586589,0.007456587403489186",18.253332138061523,squared_gradient
151579.31573179614,151442.2004497377,0.6807694642773235,0.07015637529467927,0.3722023050753587,"0.7057123120060895,0.7082775685430429,0.016044846888385134,0.007455298123029455",18.310554027557373,squared_gradient
150660.24109780972,150396.46551024934,0.6807649996677162,0.07015949299084961,0.37219733318822656,"0.7057114310120266,0.7082785501687424,0.016040968574991037,0.007453780047601883",18.341583490371704,squared_gradient
140784.76078027778,137950.4853831871,0.6807629024257074,0.07016655823289913,0.3722318901114191,"0.7056964656917534,0.7082927150453585,0.01606424182106304,0.007474507245088516",18.429439306259155,squared_gradient
145102.85850667855,146342.158039932,0.6807694859359881,0.07019207387442414,0.3721825039439565,"0.7056963890605943,0.7082937908752466,0.0160304087665294,0.007452400230053639",18.579082250595093,squared_gradient
150009.9103881632,151418.24051214196,0.6807739411020596,0.07018268975226415,0.37220897432209643,"0.7057012930334474,0.7082880853983357,0.01605700767020441,0.007472991259148746",18.613884449005127,squared_gradient
154746.71012584335,156106.17766825933,0.6807689930089631,0.07018717829126933,0.37222096335586985,"0.7056902893410849,0.7082991442725693,0.016055918483157076,0.007466273106710147",18.67593789100647,squared_gradient
158259.66210597486,159267.88378717974,0.6807676036727471,0.07017533942650259,0.37220384515997496,"0.7056930436266107,0.7082969473480856,0.016032728610576155,0.007464192367124796",18.710779905319214,squared_gradient
149070.51267101578,146433.21510914862,0.6807699692103002,0.07015104296316926,0.37218758364099774,"0.7057049681746007,0.7082853859510807,0.016013048387910973,0.007476110161102362",18.7414493560791,squared_gradient
146421.22317956522,145660.87372982161,0.6807555341595833,0.07017719494398177,0.3722060228953228,"0.7056967810291493,0.7082930323242903,0.01603170164725995,0.007484527256395361",18.94151282310486,squared_gradient
145024.1928405467,144623.24335843997,0.6807676396780461,0.07018779185525756,0.3722208103855407,"0.7056908561398842,0.7082981228659023,0.016066061521343655,0.007487748152040644",19.098850965499878,squared_gradient
143832.95320644812,143491.06591809305,0.6807631526420526,0.07016306313001061,0.37222725182167904,"0.7057014389076975,0.708287973767987,0.01605262639600731,0.0074792061767672375",19.261463165283203,squared_gradient
147568.5327808922,148640.64886449423,0.6807705987153426,0.07019300068691695,0.37219035538752654,"0.7057011047842218,0.7082886124407137,0.016048657699883607,0.007458738443544657",19.41186809539795,squared_gradient
154530.76531551182,156528.9348978728,0.6807627095885258,0.07018154598990145,0.3721748561447935,"0.7056915429503773,0.7082991158543792,0.016009924861230953,0.007449227755837718",19.65130615234375,squared_gradient
157205.92152447713,157973.69475500897,0.6807653505804047,0.07019545839296583,0.37221241986306824,"0.7056987196845653,0.7082908071213742,0.016057709540768666,0.007456510391723835",19.863158702850342,squared_gradient
157385.68845457034,157437.2817918857,0.6807662621858078,0.07018504129632679,0.37219461245375174,"0.70570224262499,0.708287768217371,0.01603279337674954,0.007465365647688697",20.132304430007935,squared_gradient
156709.4885268936,156515.4182885958,0.6807761201889171,0.0701855638628224,0.37219504668096753,"0.705693411641265,0.708296273491618,0.016050645681385405,0.007454830461513086",20.372130632400513,squared_gradient
157298.66330032572,157467.75720879724,0.6807671489446271,0.07016786990495069,0.37219193860605704,"0.7057027949364408,0.708287252096991,0.016038593529175395,0.007449647870541091",20.55061435699463,squared_gradient
158732.55316916207,159144.08138315342,0.6807701509695971,0.07018922544700208,0.3721979104523695,"0.7056813307605918,0.7083089371977138,0.016020484030459244,0.007460093379782259",20.790159702301025,squared_gradient
157330.3429495441,156927.90683512477,0.6807689657436164,0.07019999271017711,0.37218713744250326,"0.705686128826955,0.7083038166416388,0.016023249492639665,0.007486413547940894",20.985958099365234,squared_gradient
156064.9439461086,155701.77282454065,0.6807588366606404,0.0701814622043663,0.3721737184357351,"0.7056943092702035,0.7082961979514311,0.016010353987759154,0.007463671776305487",21.016446113586426,squared_gradient
157930.07036412065,158465.3640155748,0.6807542276565465,0.07016758679031415,0.3721707250074969,"0.7057011273863,0.7082896783011151,0.016006665646512302,0.007445607610450997",21.048444747924805,squared_gradient
158768.1564324508,159008.68819877875,0.6807700746274504,0.07017625760072559,0.37219952319480987,"0.7057024326875946,0.7082878034513076,0.016029113385299224,0.007451946390993056",21.104803800582886,squared_gradient
156972.3746128506,156456.98294923708,0.6807659696510218,0.07016129205563143,0.3721878226526373,"0.7057128946517753,0.7082776032054545,0.0160206472924077,0.0074488911981015525",21.135236024856567,squared_gradient
157124.10009930783,157167.64550667538,0.6807788638289923,0.07015832221423227,0.3722046667974406,"0.7056999461645383,0.7082895512641028,0.01605519874643364,0.007465128711302957",21.28994584083557,squared_gradient
159434.96895069105,160098.19124680065,0.6807678847460309,0.07015851818697075,0.3722185224670892,"0.7057064510035422,0.7082828062178451,0.016063532738785323,0.007472238226245609",21.5302996635437,squared_gradient
158111.03119940782,157731.05938283907,0.6807646278504065,0.07017686200563608,0.3721941768817829,"0.7056944830434276,0.7082956605654247,0.016026063468031954,0.0074645238278666665",21.77208662033081,squared_gradient
158543.79084380888,158667.99341153636,0.6807665071268085,0.07017021514642338,0.37219179508197986,"0.7056996696128015,0.7082907594268152,0.01602091392214124,0.007450284294412801",21.949276447296143,squared_gradient
156895.4317647385,156422.35061494508,0.6807685782008764,0.07016990917821465,0.3721962576010701,"0.7056956387514001,0.7082946421130242,0.01602641575993757,0.007451134083217202",22.18325710296631,squared_gradient
158820.363649901,159372.82154640515,0.6807589303196765,0.07018960663605728,0.37219653563577293,"0.7056948914028067,0.7082951302841048,0.016038832458147006,0.007448793001760604",22.253297090530396,squared_gradient
158214.7714404288,158040.96570695683,0.6807598277171845,0.07018632060241561,0.3721733942721533,"0.7056945153988864,0.7082959825931416,0.01601258396052633,0.007459834666669611",22.31011700630188,squared_gradient
157779.05308913492,157654.0013687704,0.6807653247991375,0.07016740768745394,0.37219197761766853,"0.7056980147695748,0.7082921307512439,0.01602824677537271,0.007460882752850479",22.341779470443726,squared_gradient
158422.2241879105,158606.81511035335,0.680770617892515,0.07014683000900973,0.3722185804902627,"0.7057027867349119,0.7082868206563216,0.01605267967425291,0.007461096059900481",22.372737407684326,squared_gradient
158528.8455872273,158559.44606428462,0.6807769003041443,0.07017481817701826,0.3722230144118345,"0.7057035790348631,0.7082855108003583,0.016065715640828274,0.007482413287721225",22.59647011756897,squared_gradient
158177.5673609845,158076.7500637837,0.6807624056541404,0.07016400450099275,0.37218843467543994,"0.7057028450698268,0.7082876049265907,0.01601544528757321,0.0074611446807162606",22.829635620117188,squared_gradient
158275.02748017915,158302.99865820282,0.6807669604584107,0.0701761071405939,0.37220218342736394,"0.7057050766293481,0.7082849740713817,0.01603706786400057,0.007453373638381305",22.95344305038452,squared_gradient
160555.4038019314,161209.87470329873,0.6807710627715517,0.07020508370296066,0.37219367731878894,"0.705691259808634,0.7082987181932063,0.016037095888742487,0.007455413537772997",23.132122039794922,squared_gradient
158969.78862274555,158514.71505192982,0.6807703754880555,0.07019641385473388,0.3722158080125447,"0.7056910402663226,0.7082981526255998,0.016065561044462523,0.007468629280179014",23.42920231819153,squared_gradient
158110.186788384,157863.4799698711,0.6807692320896875,0.0701766155847047,0.3722013287904362,"0.705699366344879,0.7082904803756326,0.016042464004398745,0.007459162041390066",23.61263394355774,squared_gradient
153291.72009038762,151908.81402660994,0.6807747619775933,0.07016813136190829,0.37216798344853863,"0.7057056892797664,0.7082848346843194,0.016015400537391155,0.007455200869407498",23.770036458969116,squared_gradient
149040.22574296087,147820.0414640869,0.6807716537273194,0.07017610132584937,0.3722180435610859,"0.7056887296776944,0.7083006300728848,0.016056405452323032,0.007471685766089986",24.01210331916809,squared_gradient
150199.07098238435,150531.66103831335,0.6807704687780288,0.07015664517268738,0.37220248961818064,"0.7057166956855314,0.7082733813567085,0.01602928340730288,0.007471597264177202",24.189989805221558,squared_gradient
151060.64417090852,151307.9167705705,0.6807611284541171,0.07018813081774875,0.3721976545492719,"0.7056869426512324,0.7083033292239729,0.01601886388703726,0.007465171234546147",24.341949462890625,squared_gradient
150960.8512389386,150932.21054068478,0.680769518646435,0.07018249320318146,0.3721977775990637,"0.7056944694386652,0.7082953097966098,0.016046096975844817,0.007456050941845386",24.58104634284973,squared_gradient
150740.66927259119,150677.47676852698,0.6807624885115173,0.07015583395268163,0.3722400999325217,"0.7057123719443077,0.7082764847657892,0.016086395725390862,0.007463047978011589",24.732547521591187,squared_gradient
150238.56161029538,150094.45607333136,0.6807563640175484,0.07016881020593962,0.372181567865315,"0.7056915906571489,0.7082988002496704,0.016014281855176626,0.007465334374532173",24.942133903503418,squared_gradient
150191.77592988106,150178.3483801649,0.6807738821968605,0.07017550148445038,0.37219779146700904,"0.7057077968360123,0.7082820217153121,0.01605046392805873,0.007447537004007646",25.149228811264038,squared_gradient
151124.52047879898,151392.21934931114,0.6807622611471216,0.07016968486883104,0.3722004845085941,"0.7057072903881396,0.7082829994902635,0.016029692687746743,0.007447273221895529",25.305049180984497,squared_gradient
149822.98795773258,149449.44647069997,0.6807696764471827,0.07019751413740825,0.37218775581493757,"0.7056881140792496,0.7083020020676666,0.01603440437020455,0.007446971914799963",25.454710721969604,squared_gradient
150150.29415522577,150244.23144972103,0.6807625343740564,0.07013720278489567,0.3722065615760194,"0.7057196593981808,0.708270584014662,0.016024192845281136,0.007467757501580222",25.69319772720337,squared_gradient
149700.24950056418,149571.0861129328,0.6807663064832095,0.0701797671147604,0.3722015676533086,"0.7056956779916764,0.708294417882193,0.016024941100727972,0.0074718755016218615",25.901570796966553,squared_gradient
41739.43252280199,10754.54089513538,0.6783942785998618,0.06987604381716944,0.372254812475153,"0.7057784485872682,0.7082107993810641,0.016072473383622683,0.007478017726359286",26.136926412582397,squared_gradient
9313.489220328272,7.202298111285433,0.6658666625272458,0.06840062298166874,0.37096064804587414,"0.7061828006537566,0.7078343453304311,0.015101390260653632,0.006952671691672193",26.341942071914673,squared_gradient
2077.6968938259406,1.0153036601563286,0.6587364587932908,0.06749890465964963,0.3702810047367915,"0.7064187358936771,0.7076127135049808,0.014558425343217338,0.006698471170566981",26.48611807823181,squared_gradient
464.3303733085419,1.2921322749072484,0.6571854417531786,0.06727743413841614,0.3700382402386764,"0.7064902402976404,0.7075458134358047,0.014383682797006648,0.0066009031838601745",26.722554922103882,squared_gradient
104.72436409742963,1.5169826049470414,0.6571881249722932,0.06731971491896382,0.37005950549669947,"0.706484828800646,0.7075506480747458,0.014394650762685314,0.0066378545441766945",26.959709644317627,squared_gradient
24.63252473868244,1.6460650928422929,0.657170919842,0.06732839870176827,0.37007250816152304,"0.7064574786992873,0.7075780571415244,0.014396766101635813,0.00662245932312152",27.085936307907104,squared_gradient
6.703714226162382,1.558122832038063,0.657178305489491,0.0673244919025835,0.3700858486604882,"0.7064605035548264,0.7075743770861975,0.014425571738950278,0.0066302856759824875",27.27209973335266,squared_gradient
2.7309540000603683,1.5907667681146298,0.6571780220967794,0.0673327715351451,0.37008972011922525,"0.7064696818729889,0.707565412696033,0.014420700154569218,0.00661957382482434",27.4463791847229,squared_gradient
1.774276877460857,1.4997093278977636,0.6571772421774282,0.06733235068443394,0.3700864503488272,"0.7064548680119171,0.7075800709865726,0.014427263966053809,0.0066194153333414985",27.72780728340149,squared_gradient
1.6334189429209167,1.5929925367599111,0.6571897282442825,0.06729243754166445,0.37007403094625824,"0.706484651929558,0.7075505609168663,0.014407310375257835,0.006638504496522693",27.891321182250977,squared_gradient
1.6622379237398464,1.6705090078469467,0.6571894724940145,0.06731950003238904,0.3700745659013619,"0.7064650179110927,0.7075703862894245,0.014410131257041662,0.006608708744432589",28.087716102600098,squared_gradient
1.005097236849965,0.8164970248711375,0.657992264116222,0.06755211094192277,0.37099994605637304,"0.706387505864203,0.7076277898460404,0.015170930841344958,0.007031746153401363",28.24739360809326,squared_gradient
1.2879664762099658,1.3691503072676308,0.6588019637412516,0.06773914578337198,0.3713166455333827,"0.7063035995180731,0.7077040088263387,0.015456000808706787,0.007167512674857266",28.40712857246399,squared_gradient
1.4868519846583819,1.5439323782502246,0.6599551806081442,0.06799015693183955,0.37136360944768204,"0.7062459087714873,0.7077589495041632,0.015556483478874119,0.007209823997212548",28.607515811920166,squared_gradient
1.8448245943862753,1.947563188151979,0.6608030397181287,0.0681587477890207,0.37137158119505914,"0.7062159435929544,0.707788275228037,0.015571685814405612,0.00723333019646707",28.764230728149414,squared_gradient
2.054544296247296,2.1147341171124787,0.6618854280680068,0.06831475856448777,0.37154359460520653,"0.7061785312479831,0.7078222467274838,0.015689682330977544,0.007306360958192785",28.96774411201477,squared_gradient
2.173278949985789,2.2073559464510297,0.6627236356396728,0.06842094189992105,0.37148019765406515,"0.7061595706003255,0.7078426211299158,0.01564347752251524,0.007264032798460172",29.125669717788696,squared_gradient
2.690655040592675,2.839142635879234,0.6638351012182195,0.06859859013748484,0.3713871818992357,"0.7061109654179697,0.707892729414729,0.015598228720968148,0.007203014579782878",29.33304500579834,squared_gradient
2.841912836557804,2.8853240161599794,0.6646326750680106,0.06860857429122537,0.37148282723475456,"0.7061346976352146,0.7078677459493872,0.015645943769729873,0.0072282420900519504",29.48566436767578,squared_gradient
3.2595574808553223,3.37942202435076,0.6660415064923887,0.06877511951953501,0.371510290735293,"0.7060923919667484,0.7079088367380214,0.015690291844390913,0.007240691730425005",29.732654094696045,squared_gradient
3.0235239742629796,2.955782058010453,0.66707297202247,0.06885472335293513,0.37171374963372683,"0.706073160560941,0.7079238849277102,0.015846842971982304,0.007303605422200347",29.926186561584473,squared_gradient
5.676960313437464,6.438499913746053,0.6681811018572558,0.06887577727636449,0.37178071519116884,"0.7061142220940047,0.707881239179382,0.01589633786348054,0.007359552769805321",30.134268045425415,squared_gradient
8.003703483307465,8.671481728989741,0.6690964044367674,0.06903767739994801,0.3718625920981994,"0.7060546341037179,0.7079387996731565,0.015961657484283305,0.007398315237248483",30.296595096588135,squared_gradient
10.282919613339029,10.937057538208606,0.6698930428143471,0.06914266107569206,0.37185697413822405,"0.7060225961908226,0.7079709776196254,0.015955021690367305,0.007390926812136645",30.441660404205322,squared_gradient
10.270791316863319,10.267310480366818,0.6707784611579701,0.069257198634995,0.37196201635336684,"0.7059793417953121,0.7080123874023331,0.016006995927997408,0.0074434081218081385",30.607093572616577,squared_gradient
20.656938214011436,23.637775568210483,0.671844769522724,0.0693752083043824,0.3718443750010889,"0.7059718376306662,0.7080220473423299,0.01595580609953702,0.0073455565663809366",30.80438232421875,squared_gradient
49.32126177927849,57.54795905809876,0.6729821263490223,0.06944195884348259,0.37183512662815466,"0.7059689716171315,0.7080257779449518,0.015926571000293776,0.007324835524995863",31.017208576202393,squared_gradient
104.20524891611173,119.95702294982723,0.6740071592925592,0.0695977881571907,0.37202640735501535,"0.7059027618118633,0.7080879250338383,0.016065069975904664,0.0073955942510783995",31.21789526939392,squared_gradient
203.58400346387734,232.10583227135348,0.6749034199431506,0.06972500974731838,0.3721390411247978,"0.7058727005486481,0.7081155599021142,0.016148612389004374,0.007436851658043361",31.380469799041748,squared_gradient
402.9228567950038,460.13336094412034,0.6759508397498527,0.06974939503439151,0.37225340479853175,"0.7059178703167023,0.7080681136788426,0.016244179865740133,0.007458778673937013",31.56422734260559,squared_gradient
3256.3912490153807,4075.340302671876,0.6774081337121904,0.06998532820259575,0.3723282046575168,"0.7057953155174416,0.7081878273071557,0.01632128914406221,0.0075225905299416244",31.827169179916382,squared_gradient
18202.87847535116,22492.539297552146,0.6784058451556356,0.07007226391247659,0.3725030482090765,"0.7057631454866479,0.7082165298718746,0.016441824447267273,0.007575994844124185",32.013993978500366,squared_gradient
57918.33793513763,69316.72525521455,0.6794834362122734,0.07022568137873395,0.37256149160241203,"0.705719022086951,0.7082597500289017,0.016478077738402024,0.007567120171001688",32.21322298049927,squared_gradient
87735.00994335966,96292.43268926884,0.68038419350564,0.07033402226553809,0.3726861224191029,"0.705663406466162,0.7083129672658653,0.016543644639513112,0.007629220119965847",32.393163204193115,squared_gradient
128197.86317065869,139810.75345151202,0.6814730374665599,0.07044223995222412,0.37267232710535264,"0.705606151324721,0.7083712236471675,0.01649624096988633,0.007618579604674942",32.60208249092102,squared_gradient
108217.90443212836,102483.63089132946,0.6824490400006146,0.07058071064986474,0.3726218900842021,"0.7055616264617485,0.7084173457248505,0.01644285060499829,0.007568897197839552",32.78445386886597,squared_gradient
73487.42771202106,63519.736771229254,0.6832782255424984,0.07063846912469922,0.3726369219504132,"0.7055688697660609,0.7084099598628336,0.016446403152873296,0.007577242738306686",32.93086266517639,squared_gradient
34395.86647697483,23176.538740008054,0.6841296759819603,0.07075393030976361,0.3728514639633944,"0.7055208177389212,0.7084534040982194,0.016593534790689337,0.0076684132517086685",33.08877658843994,squared_gradient
11949.654467349563,5507.563104581109,0.6855229407139501,0.070834607388462,0.3728472079038454,"0.7055271802460545,0.7084461751494403,0.016626739440406615,0.007678957335516734",33.33781576156616,squared_gradient
3867.662769280647,1548.1208844508187,0.686406416910918,0.07085864210245581,0.3730157272496907,"0.7055230990072473,0.7084469420122649,0.01674333506652747,0.007729673442678686",33.50460243225098,squared_gradient
1282.6005932825622,540.6844646691665,0.6874208896359038,0.0710604377545891,0.3730643148441072,"0.7054366466309707,0.7085309990482261,0.016805229593453496,0.007781081935368743",33.686169385910034,squared_gradient
555.6288599566219,346.9870489362315,0.6880963622663273,0.0711134685644315,0.37310589105470926,"0.7054163836694551,0.7085511613668076,0.016819047106297183,0.007752227479408053",33.822503089904785,squared_gradient
260.30345502566877,175.54468862464023,0.6891405421370704,0.07124142817016624,0.37310888247389656,"0.7053827448074196,0.7085853013385268,0.01678910751546168,0.007757572028290779",34.02040886878967,squared_gradient
124.9463403113813,86.09867642866242,0.6902521326277635,0.07127151156010239,0.3730653435849637,"0.7053977407042082,0.7085724943915702,0.01671116861764658,0.007732040127900821",34.22177243232727,squared_gradient
55.86866224654753,36.04328088461702,0.6914906434937111,0.0715234127049582,0.3731055711490222,"0.7052882058027983,0.7086807783296251,0.0167444127360804,0.007728248424467289",34.45431137084961,squared_gradient
34.10167231765508,27.85451855495091,0.6927673208050382,0.07162346250230989,0.3732902414175725,"0.7052529067402655,0.7087114898336939,0.016896003186866508,0.007802998681391806",34.68529415130615,squared_gradient
17.770806248442764,13.083826939600469,0.6936234304953254,0.07178994741380709,0.37338304569738473,"0.7052034362687221,0.7087585442213086,0.01698791418587818,0.0078006563628431475",34.85085439682007,squared_gradient
12.090075549975245,10.45969862262918,0.6951161987420473,0.07187878192285219,0.3735690716134355,"0.7051856514111404,0.7087726430639343,0.017105439986499254,0.007870286581739794",0.0,squared_gradient
6.803959557015286,5.28683755147436,0.6960575688132868,0.07205155263568527,0.3734863019062369,"0.7051248896521258,0.7088350548819345,0.017048421757708748,0.007817050541842218",0.17111873626708984,squared_gradient
5.673769656980186,5.349403719859832,0.6973027167273618,0.07215520145343203,0.37353015433756037,"0.7050911602151755,0.7088682595004162,0.0170533583426857,0.007837692804922618",0.4053075313568115,squared_gradient
4.280102895824591,3.8801187648376794,0.698971195447634,0.07213123385427436,0.37348557319803827,"0.7051217374446128,0.7088418334232702,0.016916629726684965,0.007772915213575569",0.725013256072998,squared_gradient
4.0258581722567435,3.952889613596443,0.6989756118920333,0.07216160409227236,0.37347821793921,"0.7050879184046199,0.708874489769675,0.016954667284785417,0.007779738484376727",0.886730432510376,squared_gradient
3.7959044706493548,3.7299074661513862,0.6945697453301705,0.07170944041778328,0.37322758067375494,"0.7051911362887004,0.7087770351646784,0.0167959035172731,0.007646786779971697",1.0818243026733398,squared_gradient
344.90984281490853,442.8099764759988,0.6779555611880106,0.0697618286057684,0.3718409093758961,"0.7057737768329474,0.7082260467847051,0.015736815725431053,0.007182981378885913",1.2960624694824219,squared_gradient
78.04609597915972,1.4558616095741743,0.6626773038158007,0.067988433686509,0.3705770583634008,"0.7062787790825027,0.7077472913985361,0.014787193102592541,0.006737704053436431",1.484224796295166,squared_gradient
18.199096096573697,1.022931099740967,0.6571451990470533,0.06717962537862901,0.3699802635370935,"0.7065201099897003,0.7075182661806891,0.014286126205254926,0.006568393933134444",1.6918959617614746,squared_gradient
4.994460523712175,1.2047133389328915,0.6571820283789837,0.06730685426419752,0.3700390501986549,"0.706465460891074,0.7075708924641508,0.014361428951779784,0.006613173512796579",1.851736307144165,squared_gradient
2.229476749766232,1.4359228939666913,0.6571720141079184,0.06732749473945912,0.3700667000633082,"0.7064681471712655,0.707567564870631,0.014396218414466685,0.0066065929803232944",2.058488368988037,squared_gradient
1.6437971786009906,1.475706397620413,0.6571615510326105,0.0673235905406718,0.37005957271849343,"0.706458166966362,0.7075778845406165,0.014380188655059085,0.006603469527358733",2.252488136291504,squared_gradient
1.6313567713419592,1.6277863586541363,0.6571677287373091,0.06733227489601823,0.3700687251138175,"0.7064612100037491,0.7075745721703299,0.014393682464063525,0.006603444793228478",2.4861831665039062,squared_gradient
1.4668634209023157,1.4196536203513068,0.6571694028755701,0.06732378668923686,0.3700563326286232,"0.7064612104120502,0.7075746706052565,0.014388016827067958,0.006605200435093549",2.5995936393737793,squared_gradient
1.4828667363102053,1.4874597081631227,0.6571731485870608,0.06732172170957075,0.37009054796218643,"0.7064659460443201,0.7075692319834775,0.014415545348405103,0.006621259874343169",2.8116650581359863,squared_gradient
1.50952409709457,1.5171747935055957,0.657183170808291,0.06732172317287478,0.3701012926476025,"0.7064491835148646,0.7075856621042332,0.014426563751493421,0.00662994374176597",3.02119779586792,squared_gradient
0.9662272029307557,0.8103003040931791,0.6581671827061608,0.06760596471943223,0.37102939796874496,"0.706353631274354,0.7076596663311182,0.015252409626663355,0.007050406672296612",3.245758056640625,squared_gradient
1.074192034515004,1.1051780783398324,0.6587887865886163,0.0677880089979602,0.3711180400462702,"0.7062925564351294,0.7077179246695723,0.015351065769433719,0.0071069406544364425",3.3579061031341553,squared_gradient
1.61265546662247,1.7671951557093715,0.6597497833747487,0.0679178200945404,0.37130392714099913,"0.7062780439886083,0.7077269669430327,0.015543536587167948,0.007229336871694873",3.527219533920288,squared_gradient
1.869153096679875,1.942768242364805,0.6608072783391297,0.0682045185594281,0.37143402115902413,"0.7061646516583913,0.7078381497724683,0.015626882163915157,0.007241479731851205",3.729992389678955,squared_gradient
1.9462903270986773,1.9684288102251735,0.6616580305962679,0.06830321162792781,0.37156349449470283,"0.7061403979488768,0.7078591323304355,0.015733184534005323,0.007324893543512542",3.886915922164917,squared_gradient
2.1341172827001706,2.188023857575994,0.6632186657551526,0.0684500642294825,0.37148433309935536,"0.7061326897622877,0.7078689965028309,0.015665531627192458,0.007259432346234424",4.179729700088501,squared_gradient
2.536939596993289,2.6525501129469524,0.6641752099311423,0.06860905876128784,0.3715801452358414,"0.7060565402451522,0.7079435577554631,0.015701902625405325,0.007316506237638406",4.364917993545532,squared_gradient
3.2072295750578523,3.3996036503088716,0.6654920887202376,0.06876629226337927,0.3715830455381939,"0.7060191164595766,0.7079811503286291,0.01569742959204574,0.007299909396207173",4.612545728683472,squared_gradient
4.011180622722644,4.241915594753966,0.6665404588707252,0.06890067926310052,0.37171816693602516,"0.7059801485922471,0.7080170551201362,0.01580840260391829,0.0073466903971199735",4.804542303085327,squared_gradient
4.20800516707855,4.264494061357563,0.6676480603932805,0.06905722263634484,0.3719174580274087,"0.705932618202757,0.7080594355979867,0.015999128064145007,0.0074163413654044705",5.009286165237427,squared_gradient
4.51765034495461,4.60651890438294,0.6689509236588561,0.06925905029034742,0.3720240327173759,"0.7058561746929801,0.7081330779039995,0.01609210903495966,0.0074598024644333865",5.244878768920898,squared_gradient
9.217377380349653,10.56620501011208,0.6702771857331409,0.06941677558237691,0.37206777153517023,"0.7058263394837879,0.7081621381012364,0.016118441526004758,0.007467294930207385",5.482625484466553,squared_gradient
16.04037144971286,17.99857941565459,0.6713375985428814,0.0695321373320474,0.3720354127850173,"0.7057933709037553,0.7081969740132839,0.016040039984424465,0.007448537040279141",5.6899919509887695,squared_gradient
29.498972361357804,33.36160792100932,0.6723649697754591,0.0695845852026844,0.37208187177693597,"0.7057869255297609,0.70820255622711,0.016070127935619523,0.007463651436643467",5.881953001022339,squared_gradient
58.18296159092755,66.41530294038625,0.6733928801764322,0.06973502594094623,0.37218799289841786,"0.7057183591950136,0.708268747170385,0.01614137270094576,0.007512347444056131",6.082012414932251,squared_gradient
160.66827789766504,190.081693876589,0.6747023569514375,0.06981264326879297,0.37234128093961794,"0.7057173398461294,0.7082665509200787,0.016260544685744047,0.007558027176526002",6.326191663742065,squared_gradient
595.7737603692283,720.6495866031289,0.6757901485792781,0.06999107195302659,0.3725219862494681,"0.7056397297326398,0.7083401625010868,0.016401990884853463,0.007600046433691776",6.524969100952148,squared_gradient
2080.6539247917854,2506.8164183951976,0.6772017088934248,0.07013930134261812,0.3726013945982064,"0.7055955179263131,0.7083820488519179,0.016471665734141862,0.007649978731973189",6.777284383773804,squared_gradient
11361.867185953966,14025.587182900708,0.6783378909496285,0.07028712758595164,0.3727746909088564,"0.7055331911052969,0.7084407498867283,0.016583840845617336,0.0077198686202502986",6.9816365242004395,squared_gradient
39175.8576174866,47158.50820664907,0.6791600455986294,0.07039151781383221,0.37281171666092566,"0.7054921870068298,0.7084807669419488,0.016624188072356934,0.007708003412240134",7.132237911224365,squared_gradient
17545.826002631446,11337.979450049888,0.6802012712389379,0.07051064764631096,0.37290655461698535,"0.7054404741401326,0.7085309756497524,0.0166671715698519,0.007733005988366615",7.327240943908691,squared_gradient
86709.40351717154,106559.4381302957,0.6813442008470453,0.07064185825805074,0.3729910299282169,"0.7053961111382643,0.7085745895319505,0.0166830221197911,0.007749466664991204",7.548421621322632,squared_gradient
97109.60367310818,100094.47433043302,0.6826578470758488,0.07072646666238042,0.3729722628795348,"0.705364500876577,0.7086061500933493,0.016680036814752018,0.007747343085073902",7.78814172744751,squared_gradient
60871.928529983015,50471.66972701749,0.6835043416145751,0.07087867442902536,0.37301482689095544,"0.7053253678071216,0.7086434902803445,0.016725991461011367,0.007795538511623425",7.9366374015808105,squared_gradient
21087.23565668771,9668.978258978575,0.6847953727959776,0.07097448109727689,0.37313165943719706,"0.7052983690349626,0.7086672989913402,0.016830889457259156,0.007848002103571328",8.171663761138916,squared_gradient
6526.105756817042,2347.0429768752992,0.6856410501967122,0.07117198542105109,0.37322814296714196,"0.7052253222727711,0.7087374739134645,0.016911183455295898,0.00790251669841163",8.324750900268555,squared_gradient
1861.7761674870285,523.1076497147128,0.6868203431323137,0.07104991342358648,0.37336802053085094,"0.7053032624327393,0.7086561436799937,0.017034862929409755,0.007974426080327645",8.534860849380493,squared_gradient
636.5138900883694,284.8620598832923,0.6876372487489807,0.07111570294535428,0.37336990054764585,"0.7052893721793972,0.7086699993826554,0.01702460356476688,0.007993518577036542",8.685974836349487,squared_gradient
274.43470879708605,170.51752377563923,0.6884455426720382,0.07127637228212892,0.3734606049848905,"0.705205116025984,0.7087520555786944,0.017088216178043313,0.00801629038933272",8.8449227809906,squared_gradient
81.1967065514719,25.737154414510492,0.6898929915886161,0.07130174880966661,0.3733459702059547,"0.7052309722153608,0.7087290442835158,0.016985090427168503,0.007995268621633925",9.104520797729492,squared_gradient
57.42139285005352,50.597847613229625,0.6906745518267396,0.0713829787352199,0.3734294612171579,"0.7052052659243744,0.7087530694923269,0.0170527874087577,0.007988857197936716",9.254552841186523,squared_gradient
37.00224053769254,31.141917883246126,0.6917239918090412,0.07153842013953168,0.3734982227916205,"0.7051441646899723,0.7088120510351671,0.017111885607840556,0.008022884889186595",9.44970178604126,squared_gradient
14.765287175645831,8.383253310577762,0.6926590349213197,0.07168477351983334,0.37357628031911627,"0.7050908026045244,0.708863923278725,0.017145695156158797,0.008057511651479285",9.620544672012329,squared_gradient
9.071538556096261,7.437425468861484,0.693647127325865,0.07182525278086194,0.3737696165244004,"0.7050316443153375,0.7089188334387162,0.017273526941627922,0.008129783324190147",9.808732271194458,squared_gradient
9.826801010629568,10.04356229457743,0.6944652840175385,0.07191088831277236,0.37394106615669115,"0.7049891975914441,0.7089569077910174,0.01741127848192981,0.00819643559088412",9.963351488113403,squared_gradient
8.60147865740807,8.249809585365517,0.6954002129028677,0.07198903121049255,0.3739556391491409,"0.7049890644021533,0.7089559882352781,0.01744182203822567,0.008222448704840384",0.0,squared_gradient
5.836787834212991,5.043318055651119,0.6964722881171606,0.07211759791061913,0.3738861743132275,"0.7049584133802571,0.7089891586143346,0.01736015422454762,0.008162929439139524",0.20156288146972656,squared_gradient
5.00075390091731,4.760811099951341,0.6977454884667436,0.07228959758530049,0.3738468533988357,"0.7048960330075732,0.7090528984280514,0.017307933650208766,0.008124365435269523",0.4409492015838623,squared_gradient
2.5907636494337485,1.8990933855700323,0.6991245107318623,0.07226755437687384,0.37389322988719575,"0.7049204355897649,0.7090291318339972,0.01728920735153231,0.008121145720915334",0.6805055141448975,squared_gradient
2.719518666077348,2.7564715194263743,0.6978203093667039,0.0720549948354345,0.3738011131871456,"0.704965035941889,0.7089878587673543,0.017178616377815818,0.008087605286926543",0.8807032108306885,squared_gradient
2.427613569811882,2.3438364363430604,0.6874889718877549,0.0708708954797471,0.3729980677815007,"0.7053317997788604,0.7086396210415884,0.016627668616292498,0.007775625192518737",1.0806314945220947,squared_gradient
7.10121900440498,8.442549701551975,0.6672614792317655,0.06854125218923256,0.3710535317683764,"0.7060906362728298,0.7079240708523682,0.015193091558848485,0.006978054494349885",1.3021769523620605,squared_gradient
2.386539378158519,1.0334203358257374,0.6583570492590386,0.06744093667568185,0.37023534700557875,"0.7064233897833269,0.7076094279343906,0.014503555344699739,0.006673735667655826",1.4804484844207764,squared_gradient
1.4865414898845755,1.2282409525790734,0.6571869383410764,0.06720600336517889,0.3700186765671062,"0.706530535999572,0.7075062426112778,0.014364174318702327,0.006571823367315656",1.6399877071380615,squared_gradient
1.5376548330306108,1.5523244274486843,0.6571951873845018,0.06734390399093995,0.3700363883031199,"0.7064656623169301,0.7075703036409037,0.014378862097052423,0.006616773943156193",1.9145963191986084,squared_gradient
1.8829913905613054,1.9821034212933815,0.6571739446971416,0.06735119388184607,0.37008090585096476,"0.7064485285577327,0.7075864471953659,0.0144244087238002,0.006620625123253293",2.041170835494995,squared_gradient
1.6140359583724537,1.536845407649219,0.657169262541089,0.06733189801496722,0.3700879891945492,"0.7064641171390097,0.7075708474578692,0.014421815714669035,0.006630102129276682",2.197026252746582,squared_gradient
1.580480347614025,1.5708498446968024,0.6571752928527175,0.06734669872195265,0.3700770815729094,"0.7064534619785194,0.7075816530545896,0.014420968625756985,0.006614074613566",2.4004323482513428,squared_gradient
1.5052393851756787,1.483645133368621,0.6571897152490882,0.06732389146018641,0.3700601115064114,"0.7064651532263911,0.7075704098729565,0.014400927925738076,0.006611779178532232",2.6509530544281006,squared_gradient
1.5518556308302511,1.5652345525550944,0.6571803200910744,0.06732755253320258,0.37008900049783144,"0.7064545583056452,0.7075804103422629,0.014416864895176022,0.006638821856698022",2.8387229442596436,squared_gradient
1.1143790783997911,0.988822752075444,0.6577668023919891,0.06748265990723326,0.3705417044216998,"0.7063876126433404,0.7076362896213779,0.014860916901521175,0.006824621877984835",3.0404207706451416,squared_gradient
1.3381892598960619,1.402423066317319,0.6588110508083376,0.067808883550889,0.3709719037524436,"0.7062649552026248,0.7077489108385021,0.015233242772580395,0.007017162829803191",3.2388622760772705,squared_gradient
1.4401665972496756,1.4694342226237087,0.6599444856159461,0.06798726855621431,0.3711856825369462,"0.7062058338514807,0.7078024620940632,0.015421851073089991,0.0071527195664759175",3.451089859008789,squared_gradient
1.0170806747543875,0.895654477503508,0.6610253280130799,0.06819276121605852,0.3712765727328823,"0.7061339379448046,0.7078719307725957,0.015513451843569387,0.007178030282572444",3.638859748840332,squared_gradient
1.4740247789523808,1.605168317365881,0.6618855811034083,0.06831536780608735,0.3713966136295624,"0.706106141071664,0.7078972712672208,0.015592380097346476,0.007242137543993485",3.8009262084960938,squared_gradient
2.0296649832855245,2.1891344278228257,0.662940582173019,0.06841735784980843,0.3712566583456106,"0.7060797986937941,0.7079272639433624,0.015459257993341972,0.007163671160205882",4.001159906387329,squared_gradient
2.720661848579008,2.918978826771069,0.6639952391634935,0.0686308667423969,0.3712527461933005,"0.7060056271894526,0.7080018870887558,0.015427648294488401,0.007167281471367159",4.201820373535156,squared_gradient
2.4988550124525837,2.4351961686975527,0.665132904198457,0.06875698421216019,0.37127006556364084,"0.7059589627147179,0.7080479488316266,0.015445339502090386,0.00717541676499304",4.414383411407471,squared_gradient
3.7627744286117233,4.12552090675167,0.6659441004487884,0.06883685194117467,0.3712757052388356,"0.7059419316630516,0.7080652641817835,0.015427876505229799,0.007179930748962214",4.5592522621154785,squared_gradient
4.508137258681444,4.722057337831625,0.6672383718790312,0.06902910658674982,0.37162004414299743,"0.7058649315094313,0.708135351011393,0.01567762829504986,0.007296237674270976",4.805404186248779,squared_gradient
6.4077367955284075,6.9529242758833645,0.6678373375442564,0.06904684068683037,0.37161805874818843,"0.7058807815220528,0.7081195591007249,0.015682197059624058,0.007285670332526269",4.914311170578003,squared_gradient
9.02129035025612,9.771383540760795,0.669192197987076,0.06916013535251457,0.37169205548865053,"0.7058844978714086,0.7081141087382988,0.015734939271046692,0.007341413810055011",5.159634590148926,squared_gradient
12.764702102344732,13.839066030880868,0.6702651389258929,0.06928662054412978,0.37177875362889956,"0.7058271412933829,0.7081699090779064,0.015779086471408424,0.007378815645385308",5.3554723262786865,squared_gradient
25.728913759048947,29.449658974452916,0.6711711996334618,0.06935179857137352,0.3717611180767578,"0.7058217774390457,0.7081769912984405,0.015734945700850465,0.007306091435648887",5.525809049606323,squared_gradient
23.88812801527198,23.359820168246046,0.6722212483386182,0.06953642552366043,0.37170746175047786,"0.7057474208952798,0.7082522602899323,0.01569994177757837,0.0072681168154914684",5.723066568374634,squared_gradient
54.02301964622865,62.67177182813368,0.673078545908683,0.06962424875875221,0.37176432182983177,"0.7057008822296987,0.7082981332554044,0.01571409373567421,0.007286048668561294",5.87953519821167,squared_gradient
127.6783295735542,148.81749709551235,0.6741151603431843,0.06971474983248291,0.37194791744353634,"0.7056759838830511,0.7083189096766758,0.01585405245047662,0.0073740752661326",6.076427221298218,squared_gradient
363.27937531297886,430.8971747513127,0.6755855513788522,0.0699087279283302,0.37218029288182863,"0.7055979284162542,0.708391078834147,0.016060335294731946,0.007463810896910979",6.336845636367798,squared_gradient
652.943157499075,736.0770309797188,0.6766180351553559,0.06998650861458011,0.372144918012564,"0.7056094745360848,0.7083807302540498,0.016027234466607476,0.0074255104202803745",6.519017934799194,squared_gradient
21831.477372067515,27909.743597177683,0.6786216673857431,0.0702668209540015,0.37242913973182223,"0.7054932599689605,0.7084899053276346,0.016258876545402003,0.007547391648089261",6.88691258430481,squared_gradient
58540.86887238576,69076.51086914128,0.6795449656096056,0.0703986989866116,0.3724295749888912,"0.7054482151024016,0.7085358144273655,0.016215401834153004,0.007541632843265838",7.062732934951782,squared_gradient
105193.30985950462,118582.61969077181,0.6806737986332456,0.07059496563480384,0.3726435507463165,"0.7053841721268889,0.7085954303350868,0.01636974137831803,0.007597196081691208",7.283328294754028,squared_gradient
110080.78401446069,111483.4953060539,0.6820407961884364,0.07066354945934868,0.37267155361021637,"0.7053699374487802,0.7086087107099186,0.016389613262489534,0.007637213276890332",7.535649061203003,squared_gradient
94132.84141419664,89555.76162741425,0.6826835774970612,0.0706958986120413,0.37265773455264684,"0.705369329258101,0.7086103342321497,0.01635893235243306,0.007608475120955692",7.650976657867432,squared_gradient
53798.123323308915,42222.00798939043,0.6837520382724057,0.07088574980229187,0.37285616834843316,"0.7052944442409369,0.7086798674617856,0.016533084265503088,0.007697369802960221",7.842138290405273,squared_gradient
17024.399989896992,6470.294675315467,0.6850891077755772,0.07104866596134077,0.37290763900629764,"0.7052571450160734,0.7087161220465974,0.016547899326822088,0.007744984369180474",8.08356237411499,squared_gradient
5045.185278284696,1607.1354374770704,0.6864823598869229,0.07116163570696672,0.37305721808987286,"0.7052168696155988,0.7087529335292999,0.016663302924387096,0.007796175911137762",8.339493989944458,squared_gradient
1676.201500736679,709.2988765726367,0.6873829422430063,0.07112501222148634,0.37316291708683347,"0.7052703311195233,0.708696614083863,0.01677109042403391,0.007848551115654679",8.496643781661987,squared_gradient
590.497941935976,278.89964126601154,0.6882931830875654,0.071278459483362,0.3731697980200641,"0.705204255989938,0.7087632000699992,0.016737292824933678,0.007845163421168927",8.678977727890015,squared_gradient
244.52104458542416,145.22523551155152,0.689813307867137,0.07140018505008891,0.37307028823376953,"0.7051845271111528,0.7087847261795278,0.01666695939338212,0.007823498080208421",8.957978963851929,squared_gradient
115.11262492027308,77.9722440739682,0.6907086374236462,0.07152257480123027,0.37311157463350375,"0.7051307508936527,0.7088378660883339,0.016686528267038786,0.007814314933749662",9.128438711166382,squared_gradient
63.29287864817346,48.420545635494285,0.691789314076961,0.07164474195071764,0.37319981926177526,"0.7050958719908091,0.7088712630880102,0.01672952004979445,0.007840078343558377",9.32533574104309,squared_gradient
31.761143225402613,22.711495100675513,0.692889397747524,0.07178177943029557,0.37335251688104026,"0.7050633475837601,0.7089011203431022,0.016812446474215904,0.007887909344578895",9.531405687332153,squared_gradient
14.099153941671982,9.03014057918394,0.6941111079721208,0.07200231471384264,0.3735663244438253,"0.7049938760662824,0.7089658496172523,0.016956127823658147,0.007971732230507044",9.76283049583435,squared_gradient
9.409653541947744,8.06376096961491,0.6950690559078382,0.07205046524386377,0.37362539159285457,"0.7049949102988776,0.7089633058792637,0.017001865537329113,0.008008991052173283",0.0,squared_gradient
7.003369487877237,6.312762907379476,0.6963099162532129,0.07219916369283107,0.37355858978061224,"0.7049561358964792,0.7090037756171618,0.01694575223782931,0.00795827265229443",0.2285783290863037,squared_gradient
7.029354914978435,7.036812765568757,0.6970005032508405,0.07226931490716079,0.37355360367974005,"0.704930169243998,0.7090291817322314,0.016972658869480385,0.007937555836085809",0.3586921691894531,squared_gradient
5.432116729707093,4.9737073413787565,0.6981220043107776,0.07229115333655653,0.3735403458323824,"0.7049485333660215,0.7090130192867795,0.016894071846584122,0.007917962072558401",0.5466878414154053,squared_gradient
2.7763689392707938,2.014165949513561,0.6992717924659143,0.07226346118349314,0.3735919480885751,"0.704978177343695,0.708984406488101,0.01687070919520178,0.007890500435833685",0.7368443012237549,squared_gradient
2.382839483498367,2.269896029745929,0.6992471865887804,0.07226204197019379,0.37363466412252416,"0.7049647059176496,0.7089960987259422,0.016928250612249368,0.007920210416702156",0.864497184753418,squared_gradient
3.318525582149362,3.587068681171919,0.6935238953068661,0.0716328510389247,0.3733027153247782,"0.7051053305323999,0.7088625155317194,0.016720341344661712,0.007799815007804045",1.0666377544403076,squared_gradient
29.459792573093054,36.96236940975343,0.6699573151564528,0.06884152965101697,0.3711028957764419,"0.7060040384808851,0.7080127376022866,0.015091535929855966,0.0069646668889778275",1.343351125717163,squared_gradient
7.537964268922323,1.2463716958042828,0.6594534075590774,0.06758917496177083,0.37033129291312394,"0.7063900737752539,0.7076407547371709,0.014588080072266744,0.006694313004625452",1.5193016529083252,squared_gradient
2.5967612080621194,1.1786296522164084,0.6571926426839467,0.06722275636022751,0.37001761810571776,"0.7065127028034766,0.7075240209643903,0.0143574392399036,0.0065897248941093126",1.7197184562683105,squared_gradient
1.7253122985456262,1.4752053544125652,0.6571666691603407,0.06734255245620885,0.370039267335996,"0.7064464666259259,0.7075899162192721,0.014366982350044803,0.006594700501266827",1.906184434890747,squared_gradient
1.4974464566525711,1.4320486705450648,0.657176808368009,0.0673243933499361,0.3700923388997631,"0.7064684848814038,0.7075663291627614,0.014433638428191585,0.006621162000185702",2.146275520324707,squared_gradient
1.4576729753942974,1.4462579357443428,0.6571631872936728,0.06734847467721689,0.3700763042907267,"0.7064441379648878,0.7075914536719393,0.01439292403580384,0.006622564697900959",2.2725110054016113,squared_gradient
1.51489066981758,1.5313122208072834,0.6571689354378318,0.06736142511888944,0.37008385400997157,"0.7064532323460897,0.7075822517435323,0.014409790652096039,0.006598898292674005",2.463071584701538,squared_gradient
1.5939652682373486,1.6166597784413839,0.6571818366616808,0.06733805009797497,0.370076522611734,"0.7064492360419153,0.707585679644286,0.014425134622803254,0.006625582936031565",2.6394307613372803,squared_gradient
1.455924895773846,1.4163071335082513,0.657183910384158,0.06732955747645716,0.3700772519690749,"0.7064622293176122,0.7075729869486123,0.014417137175480016,0.006613081269115961",2.823117256164551,squared_gradient
1.5292096173454406,1.550242425538503,0.6572168521930593,0.06732970512269586,0.37006767526074424,"0.7064646041826917,0.7075702454280736,0.014424089981062961,0.006637503300665252",2.9876739978790283,squared_gradient
1.0035687981160346,0.8527092152151767,0.6582308028826769,0.067659002524518,0.37101144857015944,"0.7063287190762282,0.7076853561178277,0.015222950658883678,0.007031295595790619",3.2006020545959473,squared_gradient
1.3249328653867103,1.4171647609591482,0.6591034584391876,0.06783332807895064,0.3711287583195233,"0.7062690377981972,0.7077412324074415,0.015353375960962508,0.0071181489592369",3.361382484436035,squared_gradient
1.2704189835411117,1.254773430196168,0.6599727167542783,0.06797866252470891,0.3713501819987559,"0.7062235436544911,0.7077810735148524,0.015569575830599383,0.007200463228947512",3.519447088241577,squared_gradient
1.5807686647066563,1.6698394174740794,0.6609617112644754,0.06819319401278104,0.37140166543399566,"0.7061421298249737,0.7078612032421718,0.01560060636205783,0.007240891653036175",3.7041714191436768,squared_gradient
1.9714947091582555,2.0836335803001194,0.6620343246253612,0.06835305983769133,0.3715234191321614,"0.7061084455919893,0.7078924225784347,0.01569028657603053,0.007279837007926501",3.9111180305480957,squared_gradient
2.1760563206926227,2.2347657630811404,0.6629151456924769,0.06848772758198263,0.3714488364073483,"0.7060595576205582,0.7079432439030235,0.015613785135966946,0.007243909058890151",4.072896718978882,squared_gradient
2.530620581598881,2.6323809749227576,0.6638111033568246,0.06862985112678222,0.37137512377241927,"0.7060180023952745,0.707986438981284,0.015541811877724049,0.007227350548034458",4.239153146743774,squared_gradient
3.061339078603156,3.2136559614761593,0.6646708642083254,0.0687123196024189,0.3714630957237127,"0.7059976884764744,0.7080044945988117,0.01562610423455983,0.007261154192472187",4.401220083236694,squared_gradient
3.8897943541995743,4.127562070777813,0.6657186238881506,0.06882547630421126,0.37144679768238387,"0.7059797250209154,0.7080224255008452,0.015619747987494909,0.0072729856386331984",4.588785648345947,squared_gradient
4.1493270350838145,4.22381324421182,0.666815239921024,0.06896084515429421,0.3716101911039401,"0.7059351163961431,0.7080643174748654,0.015709348298681237,0.0073314482639994264",4.795023202896118,squared_gradient
6.110212149386618,6.6729886683295225,0.6678384741604544,0.06905678071051487,0.3717116647555906,"0.7059231113100883,0.7080738161659256,0.015796784612322763,0.007381962775531689",4.986579895019531,squared_gradient
8.59696236836888,9.310662840421744,0.6690520882772913,0.0691985460945945,0.37185581595950085,"0.7058850033293992,0.708108129457099,0.015931472426949,0.007444948470724951",5.201889276504517,squared_gradient
11.819390310925426,12.744231224260174,0.6699809859612358,0.06929747124269824,0.37184776549957455,"0.7058653787399227,0.7081270964697315,0.015953144914084897,0.007455166600634098",5.365885972976685,squared_gradient
14.299493114621255,15.011285770041935,0.6710560753665402,0.0694527524974642,0.3718837519422221,"0.7058121293801197,0.7081792638590326,0.015981922161218794,0.007479734220727654",5.562221527099609,squared_gradient
42.45102523823487,50.53055072184263,0.6724862275354913,0.06962410341310235,0.37187195842799836,"0.7057668351698403,0.708225691237477,0.015924039128301957,0.007481284875304581",5.829896450042725,squared_gradient
41.77090370197119,41.57570795702687,0.673299946821853,0.06970806182647704,0.3720068279088241,"0.7057343314490421,0.7082545835683481,0.01604847382750242,0.007546174952085322",5.985161304473877,squared_gradient
114.74847655219533,135.69313267201798,0.6743589777854561,0.06980058188585653,0.3721650321863861,"0.7057044100252343,0.7082805261675017,0.016183590760090565,0.007620584815683223",6.183222770690918,squared_gradient
265.4236364458673,308.66759875534495,0.6754160973070309,0.06992666760116079,0.37231475530114844,"0.7056675673731341,0.7083148097716524,0.016266789118154264,0.007668519258413265",6.382795810699463,squared_gradient
982.0767176866032,1187.7570624495686,0.6763507100451308,0.07008508269490496,0.37233070056435,"0.7056171330507282,0.708364712813812,0.016294616915261528,0.007640722810155369",6.553008079528809,squared_gradient
7579.401777774122,9472.842451360417,0.6777845325377214,0.07015858493110382,0.37253033564076965,"0.7056350686104119,0.7083418143053661,0.016475377235260425,0.007719196766339885",6.807878494262695,squared_gradient
35961.62088779429,44107.35382956896,0.6790630787369297,0.07037605014861933,0.3726729553845556,"0.7055456442251739,0.7084282505361239,0.01656147948084897,0.007776577307323263",7.04871392250061,squared_gradient
83348.02668734938,96947.98535222573,0.6799834153725467,0.07046923699960135,0.37271207248110066,"0.7055224410463896,0.7084515245211688,0.016557297309074487,0.007770359669554774",7.231587648391724,squared_gradient
110039.86185501036,117700.45245783869,0.681086133038534,0.07059228829891565,0.37283069879812086,"0.7054770880641887,0.708495375616242,0.01660272252719889,0.007792980916064414",7.444415807723999,squared_gradient
123730.79724326925,127660.1130928702,0.6821785991217512,0.07068999662763836,0.37284069965859956,"0.705465493396327,0.7085071731303574,0.016582659563765662,0.007812723705524093",7.648560523986816,squared_gradient
71226.80116175182,56158.08758448846,0.6834336757158724,0.07080773835244672,0.37286160206331526,"0.7054285394222418,0.7085437741648362,0.016592458401393614,0.007809365214320087",7.8716535568237305,squared_gradient
24880.43468980893,11578.968633238914,0.684772652951251,0.07101272028895309,0.37303937416950617,"0.7053435690406795,0.7086235604774443,0.01676535019358595,0.007875416313600978",8.11613130569458,squared_gradient
6536.349448752882,1271.5736799674603,0.686055526696073,0.07126793674474621,0.37313167791150226,"0.7052273728991848,0.7087379641773371,0.016812753332668413,0.007885554695298372",8.355037689208984,squared_gradient
2399.741527833075,1212.5297993200486,0.6867041289262649,0.07128219911425092,0.37329259560790234,"0.7052439532254441,0.7087175753257627,0.016942658290804064,0.007956833123840473",8.474855661392212,squared_gradient
815.661626586646,361.0286824899423,0.6877783323395816,0.07120901202571783,0.3732547546311225,"0.7053141808124109,0.7086482558110353,0.016923545969604607,0.007946664250491151",8.66749119758606,squared_gradient
285.68221385781254,133.57744911080462,0.6888025730440313,0.07133736307061855,0.3733649541430897,"0.705272006993488,0.7086884392793744,0.016989484971955186,0.007965524686399121",8.86861515045166,squared_gradient
142.5238082393599,101.43716395626811,0.6894146434440925,0.07143335459887311,0.3732934787867026,"0.7052403670849459,0.7087220219375819,0.01690574684245743,0.007957133798999497",8.980107307434082,squared_gradient
85.48022224909101,69.10864060085255,0.6904781193441991,0.07144123509357464,0.3733024715886899,"0.7052824941615065,0.7086807661399624,0.016885077184998664,0.007941618289563317",9.180854558944702,squared_gradient
46.367781009263446,35.14246068439816,0.6914250352317702,0.07153716758904634,0.3733716062568278,"0.7052489427350047,0.7087123288395659,0.016943554455328413,0.007979955161287805",9.354130744934082,squared_gradient
18.152555556221053,10.054750006150268,0.6924582083595539,0.0717513610314277,0.37348504624610335,"0.7051734189309676,0.7087857084248552,0.017008104335583755,0.007999572038296125",9.545981884002686,squared_gradient
12.570236401904047,10.968103712752688,0.6936720990043336,0.07190441920930586,0.37370227062040806,"0.705130071944702,0.7088249413728629,0.017162092589803186,0.008015404229095429",9.780047178268433,squared_gradient
7.922140798962548,6.588131455907637,0.6945726359205858,0.07205222502054014,0.37382306418991007,"0.7050831393948118,0.7088689361855559,0.017247776093183072,0.008069205174863866",0.0,squared_gradient
6.647870321925268,6.2821530761631506,0.695925099593436,0.07208931975915761,0.3737824434010152,"0.705108933192716,0.7088440082688637,0.017218632449943573,0.008067401670605334",0.24078154563903809,squared_gradient
5.934191670077762,5.729364990329414,0.6967900435389235,0.07216045680126537,0.37377161056165464,"0.705099562579862,0.7088547499138824,0.01717303776782596,0.008039723132021063",0.4070003032684326,squared_gradient
4.991130251794644,4.720470426667951,0.6978304343385002,0.07237724277638789,0.3737918160586098,"0.705024899104789,0.7089283267784382,0.017204335813894862,0.008033054376058486",0.598358154296875,squared_gradient
2.6012233885810776,1.9153170826650892,0.6989866226887957,0.0722763177560729,0.3738368325531429,"0.7050673114308094,0.7088866281774397,0.01718417495701282,0.008033609026906927",0.793010950088501,squared_gradient
2.58558649162334,2.58109868233112,0.6977923912174538,0.07209950755633736,0.3737712960577092,"0.705137326374526,0.7088206718532913,0.01705893193019665,0.007974894872960962",1.0130267143249512,squared_gradient
23.48004662422713,29.476783226921448,0.6815770665589076,0.07022319167647112,0.3723733515193829,"0.7056611637740656,0.7083271104024828,0.016089920252832297,0.007492734891728736",1.281466007232666,squared_gradient
7.601034334694374,3.043737634661963,0.6670129184759095,0.06851935354399841,0.37097928946409253,"0.706150113406867,0.7078675615334319,0.015081957937740531,0.0069330519214927675",1.440150499343872,squared_gradient
2.4168412886322868,0.9289712983354965,0.6588426440974525,0.06751619948211884,0.37027484949389305,"0.706418973322746,0.7076132335060156,0.014534231179275851,0.00667098349766744",1.5965626239776611,squared_gradient
1.340703217073658,1.0318502233943079,0.6571900529722003,0.06721263074183345,0.37001841486057074,"0.7065269474031688,0.707509615018519,0.014367333361221446,0.00658763854462849",1.7927742004394531,squared_gradient
1.5289928016528214,1.583032151632967,0.6571830012540071,0.06734589218156936,0.37005540213362087,"0.7064594347410741,0.7075763475469796,0.014392152729861676,0.0066064663170537765",1.9997608661651611,squared_gradient
1.4893212577958057,1.4779354743095152,0.6571753941286981,0.06732671194816457,0.37005552639394024,"0.7064631391231713,0.7075726582403542,0.014394232415742813,0.006600942665656795",2.1181640625,squared_gradient
1.5349732763656259,1.5480754636921767,0.6571645243566231,0.06733962919344547,0.3700845526179818,"0.7064493563545513,0.7075860425428454,0.014398546346017482,0.006631829907086944",2.2928307056427,squared_gradient
1.6325186784553627,1.6605143327782659,0.6571534663055236,0.06732729073815291,0.37010551403686287,"0.706474137897643,0.707561335386509,0.014407498658704382,0.006608564915430025",2.494002103805542,squared_gradient
1.5859649605572215,1.5726039843779103,0.6571643929933579,0.06734622390584813,0.3700631279499925,"0.7064517744860735,0.7075839013465146,0.014397052093753445,0.0066058891705543755",2.7175397872924805,squared_gradient
1.5574797255815154,1.549304426955416,0.6571789807352902,0.06733622713616938,0.3701045125921242,"0.7064590794297191,0.707575760655237,0.014427880071348322,0.006629351485896057",2.9197957515716553,squared_gradient
1.0605242991019488,0.9178974603626502,0.657845450857653,0.06753292309266129,0.370612946499871,"0.7063857527844118,0.7076364295754854,0.014917932691904485,0.006878014616059158",3.1768410205841064,squared_gradient
1.4419681482614757,1.5514430175622742,0.6588564095126536,0.06777382386337386,0.37095361803994953,"0.7063006912544808,0.7077136982668808,0.0151965481625229,0.00705122278765448",3.365720272064209,squared_gradient
1.675015709224593,1.7419006552881409,0.6597225553822105,0.06795395815377613,0.3711245882962425,"0.7062530084563963,0.7077568054291608,0.015380102490803462,0.0071024546722365705",3.525639295578003,squared_gradient
1.733161999683672,1.7498500589153514,0.6607951540534328,0.06816816232575135,0.3712489732953343,"0.7061745323775593,0.7078323061793753,0.015482066561970905,0.007159732194235039",3.7285728454589844,squared_gradient
1.6775410923893468,1.6615778213342365,0.6619259360118971,0.06833920165256677,0.3713953508049588,"0.7061370494699157,0.7078672774830045,0.015565439332038074,0.007218166880971971",3.9390435218811035,squared_gradient
2.078556990108959,2.1936490622111275,0.6626554908033429,0.06840561291678554,0.3712933993398425,"0.7061004597289103,0.7079061476793487,0.015473053214579561,0.007184112514747702",4.077670335769653,squared_gradient
2.4846477819474115,2.6011963551089092,0.6635431589882459,0.06857360185637365,0.3712210689659402,"0.7060536651418358,0.707954842699487,0.015404744833803347,0.0071313725698754675",4.240347146987915,squared_gradient
2.3425632800031244,2.3017848474388214,0.6648809298076456,0.06870114446393047,0.3711814528322445,"0.7060276520568571,0.7079824253058601,0.015332039507749511,0.007125205516084272",4.4948484897613525,squared_gradient
4.276317501744651,4.831307420054975,0.666417035153825,0.0688934121892805,0.37130813954432773,"0.7059750263785016,0.7080327366311694,0.015428848139039351,0.0071313837053835595",4.7746922969818115,squared_gradient
3.773975856293993,3.6298031658672576,0.667273650219407,0.0689960937679845,0.3715003525610554,"0.7059570332849314,0.7080468603917537,0.015584060376188962,0.007172705703564348",4.936155557632446,squared_gradient
7.071593948610111,8.018014530448557,0.6682775886583658,0.06909711822348176,0.3714939217624402,"0.7059242384483921,0.7080795909471799,0.015579770743052605,0.007178662739385698",5.120778322219849,squared_gradient
9.237341300753775,9.85891354221708,0.6689646469807744,0.06919144972045593,0.3715637222521816,"0.7059194319201356,0.7080818989986267,0.01567765606296891,0.007210481844009818",5.23907470703125,squared_gradient
15.194707780790708,16.90447952888946,0.6702918439557671,0.06935418642929611,0.37156023023102525,"0.7058846950015948,0.708117269732453,0.015631407155175355,0.007238009361079694",5.478341102600098,squared_gradient
19.01395333247111,20.11008165783049,0.6708957407132627,0.0694543530523562,0.37159747970792767,"0.7058491060965074,0.7081527115292559,0.01563436256124427,0.007234865847244336",5.596064805984497,squared_gradient
31.781696001246306,35.44605436751748,0.671831120648862,0.06951652838848779,0.37148751203757524,"0.7058330562682122,0.7081709909013499,0.015554859143970761,0.007182665374780368",5.769450664520264,squared_gradient
61.16724513449632,69.60093506758353,0.6730630018148711,0.06964411109021279,0.3716193273494738,"0.7058009158532667,0.7082009513527471,0.015619793153569551,0.00724580882949766",6.009300708770752,squared_gradient
153.50718418094186,180.00886399732187,0.6742608736767355,0.0697622691007186,0.3717089343953349,"0.7057510063207191,0.7082491667603434,0.015681547363284778,0.007261124765813517",6.235256671905518,squared_gradient
453.43648548624304,539.5165759955688,0.6756529155473592,0.06994772027880736,0.37191707160020293,"0.705700984091948,0.7082947667467342,0.015835487081413427,0.007340422313455978",6.489217758178711,squared_gradient
626.436462736254,676.0876759887853,0.6766149410032717,0.07001626161159236,0.3719241750572031,"0.7056771763445402,0.7083180774336061,0.015841196399880825,0.007367527657034539",6.655630588531494,squared_gradient
2106.599535465201,2531.4082177598825,0.6774007502546239,0.07012891032249652,0.3720832761760343,"0.7056457296974878,0.7083462581955605,0.015956022128251014,0.007422130279845012",6.798369884490967,squared_gradient
15799.853825497703,19729.83520285364,0.678307306951554,0.0702517286183176,0.372209852852171,"0.7056027469520749,0.7083862656288894,0.016048242610790617,0.007491066088881881",6.97048020362854,squared_gradient
46863.13785992719,55778.339841072615,0.6792320519987272,0.07037062611014708,0.37230867978397014,"0.7055514709663463,0.7084352985516226,0.016126670498886404,0.00751532314134168",7.144092082977295,squared_gradient
71989.17027052552,79200.37349285746,0.6798320546767894,0.07039304618061329,0.3723591176014483,"0.7055398235773614,0.7084462927390192,0.016139970798085126,0.007543804968500302",7.261367082595825,squared_gradient
121429.26539444693,135618.6355044543,0.6809180527856911,0.07049691885619505,0.37242522101297776,"0.7055147962144945,0.7084710202681296,0.01614508662767943,0.007551287336657045",7.47319769859314,squared_gradient
133302.20148684,136709.74922891374,0.6817072486500516,0.0705751686640409,0.3723866489031681,"0.7054857438340175,0.7085014424959541,0.01609646791209888,0.007514981628050319",7.6249165534973145,squared_gradient
101391.83972612629,92233.52536139698,0.6825106984939752,0.07066903986173467,0.3723696734345917,"0.7054650202628949,0.7085224226825411,0.016072104273838796,0.007534534209005524",7.772078514099121,squared_gradient
57774.38978755381,45256.12624291779,0.6835783821785264,0.07077720291749223,0.3724965980414561,"0.7054301299919447,0.7085540781398624,0.0161839461169827,0.007584849306372945",7.962944984436035,squared_gradient
17159.404632928585,5502.852295661935,0.6851256917076082,0.07105153220237717,0.3725871810636974,"0.7053140453343857,0.7086669475453914,0.016271823285091344,0.007647396793709666",8.242632150650024,squared_gradient
5901.781762577356,2670.829696932806,0.6862732832753988,0.07105419500679272,0.3727720193998051,"0.705340601724985,0.7086371163506282,0.016410558610877198,0.007665928161752306",8.455967426300049,squared_gradient
1791.1312162805884,611.3692872610145,0.6872878666419293,0.07100614041101781,0.3728911929534512,"0.7053794892938479,0.7085955345314929,0.016504959660208263,0.0077285724550603604",8.637758255004883,squared_gradient
792.5165544633985,505.9128778667495,0.688112042414089,0.07117027033980658,0.37292606553592633,"0.7053085421737764,0.7086656633950993,0.016512685386953017,0.00775687326167342",8.795816421508789,squared_gradient
274.33772658636934,125.61974468347009,0.689466962730489,0.07131757745421995,0.37286306203318553,"0.7052680143620047,0.7087080624960977,0.016439260208198674,0.007724040051009061",9.054830074310303,squared_gradient
202.9427492130419,182.45230000564177,0.6903318620140859,0.07139260319728583,0.37284362813315497,"0.7052641825947775,0.7087125779651835,0.016422225056641714,0.007695785018647984",9.214863300323486,squared_gradient
92.0060991312492,60.16713962218261,0.6916354467759223,0.07158571520604316,0.37291449826488926,"0.7051872014881658,0.7087877981910407,0.016462735903232682,0.007736040289841801",9.455114364624023,squared_gradient
59.798586899944354,50.55498997265096,0.6924561803190139,0.07163999618546403,0.37303312389501597,"0.7051811182668469,0.7087912987100045,0.01655322123697211,0.0077766432079914355",9.60212230682373,squared_gradient
32.29781740328529,24.405061620352132,0.6935276050824946,0.07179809832578442,0.3731537534485027,"0.7051404287145104,0.7088295706612698,0.01663329625594983,0.007806984317786767",9.804810285568237,squared_gradient
14.385508686468299,9.244653328674888,0.69443899655907,0.07190611451093773,0.37332075651765495,"0.7050952462318352,0.7088713415030921,0.016743130131262014,0.007860186402488232",9.970145225524902,squared_gradient
